x_data,y_data
0.9069907069206238,0.10151552030779874
0.2603260278701782,0.21446576056471087
0.7738773822784424,-0.19613314673251525
0.15791578590869904,-0.729247185678409
0.5058505535125732,-0.313398461495399
0.5753575563430786,0.10982906876515995
0.35483548045158386,0.38527334386015183
0.04090408980846405,0.7000593232289894
0.40974098443984985,-0.0874654605897159
0.6461646556854248,0.2710447092469031
0.560155987739563,0.016423590056111353
0.5231523513793945,-0.2236797098226064
0.37773779034614563,0.20027293676957197
0.2726272642612457,0.33478980178385026
0.04770477116107941,0.6036039640518107
0.13291329145431519,-0.6371499187050679
0.40354034304618835,-0.03378258467868494
0.9642964601516724,0.1420066182138336
0.17771777510643005,-0.6741110527474983
0.6096609830856323,0.2553629484436812
0.07510751485824585,0.15185126864069223
0.5792579650878906,0.13160901616876236
0.40604060888290405,-0.055698736322817195
0.9041904211044312,0.09472410481218672
0.6030603051185608,0.23641484021912781
0.5898590087890625,0.18478507762325388
0.9338933825492859,0.1449137143729855
0.9160916209220886,0.12080106891821868
0.9996999502182007,0.08005649862116976
0.5151515007019043,-0.26841109941155433
0.04680468142032623,0.616898253544473
0.15451546013355255,-0.7275832183133205
0.6311631202697754,0.28280466079413946
0.26832684874534607,0.2953395889591028
0.8966896533966064,0.07473589598170376
0.6181617975234985,0.2725600468553074
0.1025102511048317,-0.29512761126010134
0.5112510919570923,-0.28829568780801257
0.8562856316566467,-0.06060316585481646
0.5368536710739136,-0.1380385072313181
0.23542355000972748,-0.0802147086725941
0.7278727889060974,-0.057025577123521035
0.3602360188961029,0.34607707575554875
0.07730773091316223,0.11393982747984562
0.6773677468299866,0.1785260770911894
0.8809881210327148,0.02592491996806801
0.3382338285446167,0.4805915562074514
0.06410641223192215,0.34052976717336025
0.42334234714508057,-0.19498485870572257
0.38153815269470215,0.16612830360370653
0.4104410409927368,-0.09337420442552054
0.9925992488861084,0.09611753964608953
0.11081108450889587,-0.4098190746165707
0.3527352809906006,0.39955005922958886
0.3495349586009979,0.42016600819915345
0.14201420545578003,-0.6920355195270285
0.6923692226409912,0.11189950064359587
0.3881388306617737,0.10590595049051249
0.8353835344314575,-0.12980317484916926
0.6245624423027039,0.2800331503334257
0.49384939670562744,-0.35745301823949693
0.6798679828643799,0.16810733969790786
0.781278133392334,-0.20347396815469923
0.16801680624485016,-0.714533575314968
0.6715671420097351,0.2013250394833748
0.06330633163452148,0.35404100611063466
0.25692570209503174,0.1774992173822929
0.735973596572876,-0.09129002112298373
0.21662166714668274,-0.3137364847849523
0.8169816732406616,-0.17681155217684527
0.8845884799957275,0.03779947215151224
0.28252825140953064,0.4133850491095003
0.4087408781051636,-0.07896614385785744
0.6243624687194824,0.2798711373938358
0.8364836573600769,-0.12648417544403637
0.3941394090652466,0.05091417384433751
0.9179918169975281,0.12425911736013437
0.8075807690620422,-0.1931259309005205
0.9195919632911682,0.12701235638131228
0.4128412902355194,-0.1133621370067828
0.1172117218375206,-0.48825509109257303
0.8668866753578186,-0.022982025027047114
0.4222422242164612,-0.18693507179214094
0.4834483563899994,-0.3805042484059225
0.2576257586479187,0.1852239934700574
0.1989198923110962,-0.5092470396840557
0.6973696947097778,0.08806682147436079
0.5836583375930786,0.15481760493469518
0.4532453417778015,-0.3550597716948208
0.3209320902824402,0.5289934814152044
0.3855385482311249,0.12971861458504105
0.2628262937068939,0.24070852841092474
0.7803780436515808,-0.20282720480693653
0.14101409912109375,-0.6871880576509285
0.8257825970649719,-0.15652423866527673
0.7386738657951355,-0.10198231831813039
0.43034303188323975,-0.2430437669640346
0.6750675439834595,0.1878083958475769
0.6555655598640442,0.2518072181529221
0.08150815218687057,0.04193652562461469
0.2404240518808365,-0.017803078093050092
0.5397539734840393,-0.1189748265560483
0.9956995844841003,0.0892685822308759
0.21312130987644196,-0.3552055697553798
0.17971797287464142,-0.6627871674011209
0.3090309202671051,0.5269311028337095
0.41844186186790466,-0.15817757465420437
0.4564456343650818,-0.3645307983091153
0.5030503273010254,-0.3251985538438273
0.8048804998397827,-0.19667577183817045
0.0122012197971344,0.9708548617615508
0.017901791259646416,0.938082644714236
0.9250925183296204,0.1353436356226804
0.80958092212677,-0.19015902042216143
0.6429643034934998,0.2755831149737449
0.9737973809242249,0.13050966091514918
0.4992499351501465,-0.3397770697330221
0.11571156978607178,-0.47072158880849585
0.9003900289535522,0.08491061035476703
0.15321531891822815,-0.7260477340160949
0.8992899060249329,0.0819474508327056
0.7859786152839661,-0.2057463356779859
0.9110910892486572,0.11074819652859975
0.15351535379886627,-0.7264464095629006
0.9259926080703735,0.13653693065098915
0.5517551898956299,-0.03893457583448732
0.26052606105804443,0.2165954891919442
0.6127612590789795,0.26258802558234595
0.9141914248466492,0.1171415586879588
0.7458745837211609,-0.12841960529084345
0.21772177517414093,-0.3004969113741929
0.7990798950195312,-0.20246351831254183
0.23512351512908936,-0.08397991718518136
0.9177917838096619,0.12390470457782511
0.3502350151538849,0.41577803955494474
0.21342134475708008,-0.351693743821349
0.14801479876041412,-0.7148945417032048
0.279327929019928,0.3899483134378118
0.48434844613075256,-0.37911363819994603
0.9780977964401245,0.12389147892355337
0.9934993386268616,0.0941573141234266
0.476247638463974,-0.38729756034255847
0.7191718816757202,-0.017299719837973508
0.6041604280471802,0.23990410559743874
0.9636963605880737,0.1425781418919617
0.3445344567298889,0.4494068632927537
0.8149814605712891,-0.18077408655196361
0.7765776515007019,-0.19934490689197013
0.36203619837760925,0.33228424057166983
0.1952195167541504,-0.544493715153366
0.055505551397800446,0.48273762919159197
0.4264426529407501,-0.2169633087352246
0.11631163209676743,-0.4777993546096202
0.15841583907604218,-0.729206502834339
0.6151615381240845,0.2674323355254157
0.9720972180366516,0.13289278255651132
0.5837583541870117,0.1553271154981057
0.5261526107788086,-0.2057466306627273
0.5239523649215698,-0.2189526531387055
0.7913791537284851,-0.20608488214087384
0.9162916541099548,0.12117462359427913
0.1598159819841385,-0.7287059805309559
0.7182718515396118,-0.013059535008767302
0.030003000050783157,0.8320760412901005
0.9660966396331787,0.14017824684705738
0.6947695016860962,0.10052536949674067
0.37943795323371887,0.1850648331033495
0.45724573731422424,-0.3666485684231993
0.4335433542728424,-0.2630517498805091
0.2858285903930664,0.43547976302034885
0.569456934928894,0.07498957751964606
0.31423142552375793,0.5315483255098815
0.13591359555721283,-0.6579003694872871
0.45334532856941223,-0.355379848681999
0.9749975204467773,0.1287464406938511
0.5687568783760071,0.07072195367003783
0.04860486090183258,0.5901622369829882
0.7836783528327942,-0.20486575933859624
0.9554955363273621,0.14841638659251505
0.5900590419769287,0.18569474328123428
0.8116811513900757,-0.18674323430921796
0.7362736463546753,-0.09249750557241124
0.11521152406930923,-0.4647585831283251
0.5382537841796875,-0.12886176940151656
0.9741974472999573,0.12992928531095516
0.5424542427062988,-0.10106454751060502
0.8807880878448486,0.02525566993124938
0.5186518430709839,-0.24944485948964912
0.8409841060638428,-0.11244183499844787
0.6189619302749634,0.273752590832105
0.9702970385551453,0.1352657351862315
0.8269826769828796,-0.15342524317493225
0.5314531326293945,-0.1728339233047609
0.9903990626335144,0.10080617779227712
0.06650665402412415,0.2997472621149274
0.33533352613449097,0.49265687695072136
0.8851885199546814,0.03974464575579231
0.8061805963516235,-0.19503277948042336
0.06420642137527466,0.33883770393555696
0.9242924451828003,0.13424243017730017
0.01760176010429859,0.940095873831748
0.6431642770767212,0.2753307091071297
0.9910991191864014,0.09933061119442844
0.34383440017700195,0.4531938122378552
0.07860786467790604,0.09158589946533045
0.6391639113426208,0.2795710316174563
0.9065906405448914,0.10056894501845481
0.9927992820739746,0.09568399380531073
0.3202320337295532,0.5297015033706091
0.48034805059432983,-0.38438202944392735
0.7835783362388611,-0.2048174241655507
0.7940794229507446,-0.20535650712084444
0.009100910276174545,0.9836820997728419
0.576257586479187,0.11494969302357026
0.9027903079986572,0.09118660379028856
0.9504950642585754,0.15009860223979127
0.8237823843955994,-0.16152050060293655
0.19711971282958984,-0.5266893233321882
0.2905290424823761,0.46318125090735146
0.05300530046224594,0.5224868517817709
0.36353635787963867,0.32053718342865406
0.09960996359586716,-0.2520452245796372
0.5852584838867188,0.16286983290915702
0.4226422607898712,-0.18987704212220366
0.56165611743927,0.026110507639193398
0.23122312128543854,-0.13301481787254565
0.21542154252529144,-0.3280724487464577
0.5317531824111938,-0.1709303851587545
0.14271427690982819,-0.6952528989222945
0.8630863428115845,-0.03649215532048055
0.6032602787017822,0.2370589594681395
0.44154414534568787,-0.307148461898569
0.881888210773468,0.02892464797457301
0.30853086709976196,0.5261794163963492
0.7798780202865601,-0.20243843908500947
0.9153915643692017,0.11947607403093355
0.8209820985794067,-0.16814471277041343
0.9573957324028015,0.14739798955864017
0.9534953236579895,0.14926433944789758
0.049504950642585754,0.5765779493381139
0.374937504529953,0.22503278776211877
0.2321232110261917,-0.12169211758815893
0.42674267292022705,-0.21903300515447854
0.3405340611934662,0.46997584928838104
0.015101510100066662,0.9556396450617908
0.7369737029075623,-0.0952963310078177
0.06940694153308868,0.2500804163051794
0.4417441785335541,-0.30813714985517476
0.5697569847106934,0.0768104575329264
0.17381738126277924,-0.6933175598962784
0.3001300096511841,0.5054446786763792
0.016701670363545418,0.9459464473374235
0.6111611127853394,0.2589944942618962
0.46224623918533325,-0.37760161217739757
0.28652864694595337,0.43988919763423745
0.8544854521751404,-0.0669255563031069
0.4702470302581787,-0.3869078537837965
0.2883288264274597,0.4507744293281895
0.3031303286552429,0.5146058480885808
0.8183818459510803,-0.17388842186263134
0.8980898261070251,0.07865472009001231
0.8528853058815002,-0.07251100554075084
0.5681568384170532,0.06704338928625071
0.7209720611572266,-0.025716303359496376
0.5991599559783936,0.22300407231515398
0.22762276232242584,-0.1782453550906931
0.7132713198661804,0.010816164004792354
0.5705570578575134,0.08164178972597322
0.7998799681663513,-0.20181805433817238
0.5292528867721558,-0.18666809633526513
0.43044304847717285,-0.2436884341902098
0.7445744276046753,-0.12388333008120464
0.042804282158613205,0.674074938986566
0.7068706750869751,0.04188944469890302
0.6364636421203613,0.28145574755420266
0.4215421676635742,-0.18174657499030816
0.04260426014661789,0.6768472931398196
0.2223222404718399,-0.24426731411491245
0.010001000016927719,0.9803294935630807
0.9244924783706665,0.1345212957774031
0.3307330906391144,0.5086439275149575
0.2762276232242584,0.3654228839674068
0.5857585668563843,0.16534184462859586
0.4738473892211914,-0.38781219083115953
0.7092709541320801,0.03019668197789817
0.9632963538169861,0.1429485086095242
0.3286328613758087,0.5146089134611285
0.771277129650116,-0.1924639901558716
0.7868787050247192,-0.20597061600186464
0.6067606806755066,0.24762814170166686
0.9235923290252686,0.13324773888649882
0.3577357828617096,0.36464814787998256
0.1465146541595459,-0.7101828957716513
0.7675767540931702,-0.1862759300694479
0.2234223484992981,-0.2306509253527575
0.1744174361228943,-0.6906154342463929
0.9754975438117981,0.127992346474237
0.6094609498977661,0.25485963454038263
0.8781878352165222,0.016473545046408144
0.9401940107345581,0.14886128066839388
0.8371837139129639,-0.12434775384329137
0.5027502775192261,-0.3264107252247597
0.9234923720359802,0.1331032748060443
0.3944394588470459,0.04817338401008187
0.6862686276435852,0.14007343062267172
0.5350534915924072,-0.1497523890761747
0.9422942399978638,0.14963633069856444
0.21212121844291687,-0.3668489351934239
0.4972497224807739,-0.3467523779878258
0.8576858043670654,-0.05566257719432823
0.3784378468990326,0.19402529270787763
0.6872687339782715,0.1355396989406048
0.0916091650724411,-0.12658332038729733
0.9394939541816711,0.14854291781450443
0.725272536277771,-0.045424917332410886
0.80128014087677,-0.20056953738007322
0.5821582078933716,0.1470771237892428
0.44034403562545776,-0.3010968750643812
0.48634862899780273,-0.3756036453761561
0.8515851497650146,-0.0770210186075703
0.5422542095184326,-0.10239534340460317
0.7733772993087769,-0.1954713497784005
0.12031203508377075,-0.5227568849239038
0.37683770060539246,0.2082734245174208
0.535753607749939,-0.14520920001786639
0.38523852825164795,0.1324608054541495
0.19261926412582397,-0.567792951461047
0.3114311397075653,0.5297862860868144
0.26412642002105713,0.2540185024757121
0.7639763951301575,-0.17918046866189277
0.7360736131668091,-0.09169304428217565
0.8182818293571472,-0.17410121932852032
0.7610760927200317,-0.17270852189211044
0.27282729744911194,0.33655036294698054
0.9597959518432617,0.14581998246813357
0.49854984879493713,-0.3422744773336848
0.6846684217453003,0.14724761362394734
0.7698769569396973,-0.19025544434708574
0.40124014019966125,-0.01334900491214544
0.2626262605190277,0.2386400045366704
0.7238724231719971,-0.039075178789395835
0.8255825638771057,-0.1570334589412224
0.9565956592559814,0.14785187061241953
0.08050805330276489,0.05901634093089342
0.46344634890556335,-0.3796425569572772
0.5247524976730347,-0.21418473771816518
0.5566556453704834,-0.0064490946805965
0.5739573836326599,0.10175663614059403
0.5143514275550842,-0.2726016850918925
0.826582670211792,-0.15446649450787062
0.445944607257843,-0.32756211081886544
0.12421242147684097,-0.5627111522257742
0.69456946849823,0.10147824502109268
0.574057400226593,0.10233746197588754
0.5325532555580139,-0.165835577537651
0.05470547080039978,0.4955501606248319
0.30223023891448975,0.5120619719112068
0.5761575698852539,0.1143834527791532
0.4031403064727783,-0.030246328890992213
0.002600260078907013,0.9986529695358886
0.49524953961372375,-0.35322675720979113
0.5152515172958374,-0.2678833682207532
0.25082507729530334,0.1079435677307817
0.14331433176994324,-0.6978951941524082
0.25822582840919495,0.19179923576035487
0.13021302223205566,-0.6162865093442929
0.5812581181526184,0.14234636776821735
0.7349734902381897,-0.08723106590746263
0.5281528234481812,-0.19349673030108688
0.6114611625671387,0.2596903626962454
0.1221122145652771,-0.5416850999688119
0.7435743808746338,-0.1203205287275722
0.2548254728317261,0.15399139229241934
0.07500749826431274,0.1535760157511246
0.04370437189936638,0.6614941090838712
0.4371437132358551,-0.2839742843746884
0.44484448432922363,-0.32272383428905543
0.284728467464447,0.42835321664981424
0.11731173098087311,-0.4894048214455309
0.7495749592781067,-0.14071980985577529
0.2699269950389862,0.31036930306255944
0.9888988733291626,0.10391499015865344
0.9506950378417969,0.15005948486341533
0.6395639181137085,0.27922422362867144
0.24812480807304382,0.07603088980732954
0.5456545352935791,-0.079711473937546
0.8444844484329224,-0.10106298514869105
0.27062705159187317,0.3168157768700833
0.4661466181278229,-0.3834014637365126
0.03260326012969017,0.8034424222136021
0.10391039401292801,-0.3154026715589361
0.2637263834476471,0.24994836256353362
0.5022501945495605,-0.3284080892747729
0.24992498755455017,0.09737466336333711
0.10041004419326782,-0.26407095387987384
0.28612861037254333,0.43738153549227127
0.3233323395252228,0.5257977372264421
0.18701870739459991,-0.6134668755065071
0.42454245686531067,-0.2036186336370809
0.6927692890167236,0.11001343746731057
0.8385838270187378,-0.12002029149170072
0.053405340760946274,0.516185538751874
0.9827982783317566,0.115750599662556
0.7148715257644653,0.00312419837051434
0.7365736961364746,-0.09370021399928184
0.05850585177540779,0.43398543816843954
0.991499125957489,0.0984805325357716
0.30353036522865295,0.5156801133476031
0.44284430146217346,-0.31347241247968005
0.4089409112930298,-0.08067136507666438
0.17031703889369965,-0.7071982638177943
0.4295429587364197,-0.23784231517723375
0.5719572305679321,0.09000860127499274
0.04910491034388542,0.5826326971965595
0.689969003200531,0.12312434092340871
0.43534353375434875,-0.2737280336766935
0.28362837433815,0.420987472697882
0.22662267088890076,-0.19077088581051768
0.7718771696090698,-0.19336071823279904
0.9523952603340149,0.14963161452255389
0.8022802472114563,-0.19958589951560615
0.47074708342552185,-0.38715455081014327
0.9843984246253967,0.11277818535911473
0.29002901911735535,0.46044893081595306
0.9618961811065674,0.14417711820981752
0.2944294512271881,0.48270578082204885
0.1916191577911377,-0.5764122720455668
0.31853187084198,0.5309956160558978
0.862686276435852,-0.037915318709203095
0.9434943199157715,0.14995823028323346
0.7255725860595703,-0.04677649718121148
0.4246424734592438,-0.20433102500706232
0.8615861535072327,-0.041827971584438337
0.5146514177322388,-0.2710367654653872
0.8565856218338013,-0.059546007868737254
0.2518251836299896,0.11960117050694449
0.03970396891236305,0.7160526056729852
0.1317131668329239,-0.6281308953761724
0.45604559779167175,-0.36343430270397453
0.012101210653781891,0.9713245870131019
0.24492450058460236,0.037478229636252684
0.885588526725769,0.04103567765851089
0.8108810782432556,-0.18808026699019537
0.15661565959453583,-0.7290113617708561
0.19841983914375305,-0.5141466668078059
0.4333433508872986,-0.26183941297941
0.7910791039466858,-0.20612915353525066
0.9286928772926331,0.13982537484290775
0.3918391764163971,0.07196811758265184
0.2173217386007309,-0.3053217247628519
0.3283328413963318,0.515391152229615
0.8495849370956421,-0.08390236962980088
0.8584858179092407,-0.052831979323200544
0.233323335647583,-0.10659788856526349
0.05730573087930679,0.4536134126119426
0.366036593914032,0.3004817442204054
0.9075907468795776,0.102920358927821
0.09810981154441833,-0.22922109161236923
0.9370937347412109,0.14722318811552818
0.14071407914161682,-0.685676286535464
0.05350534990429878,0.5146066096414066
0.43154317140579224,-0.25069798206700716
0.45984598994255066,-0.3728364424334321
0.8622862100601196,-0.03933833247352439
0.8758875727653503,0.008590167650903927
0.14341434836387634,-0.6983252053143435
0.6994699239730835,0.07792370737393688
0.257925808429718,0.18851698049102852
0.9403940439224243,0.14894672545824922
0.3269326984882355,0.5188077649025938
0.955395519733429,0.14846426840170723
0.38383838534355164,0.14523651791431463
0.1867186725139618,-0.6157295721176154
0.1454145461320877,-0.7063022159729065
0.17861786484718323,-0.6691365199197892
0.9912991523742676,0.09890619309852539
0.7095709443092346,0.028737530943711512
0.25212520360946655,0.12308026056635135
0.44394439458847046,-0.318632870029805
0.1820182055234909,-0.6485723244153395
0.5615561604499817,0.02546715413494803
0.2929292917251587,0.47557346478296997
0.005100510083138943,0.994837645880201
0.4726472795009613,-0.3877352788254246
0.5716571807861328,0.08822537015788118
0.546554684638977,-0.07369261322195965
0.04690469056367874,0.615428542103918
0.26292628049850464,0.24174072815395525
0.6513651609420776,0.26145679731154814
0.7467746734619141,-0.13149574848616358
0.3945394456386566,0.04726012790538036
0.6204620599746704,0.275789717951073
0.4262426197528839,-0.21557778477804782
0.18581858277320862,-0.6224004698680646
0.9532953500747681,0.1493363730536539
0.08650865405797958,-0.0425598287103534
0.6390638947486877,0.2796550243766992
0.7212721109390259,-0.02711024311244197
0.4921492338180542,-0.36223858374190004
0.8101810216903687,-0.18921414283921945
0.47924792766571045,-0.3854139068458463
0.8854885697364807,0.04071335626960596
0.6250624656677246,0.2804180239558442
0.5936594009399414,0.20142556642330772
0.04250425100326538,0.6782302427466308
0.01880188100039959,0.9318553855192442
0.5629563331604004,0.03444030652209355
0.435943603515625,-0.2771917461168672
0.022802280262112617,0.9008470263602367
0.7757775783538818,-0.19845704152959318
0.7677767872810364,-0.18663922166861846
0.27412742376327515,0.34782748669306773
0.10411041229963303,-0.3182700581538298
0.40754076838493347,-0.06868049937407854
0.9140914082527161,0.11694344220106526
0.6118611693382263,0.260602353018633
0.6902689933776855,0.12173033862422272
0.04710471257567406,0.6124835054888558
0.2921292185783386,0.47157624271353643
0.1905190497636795,-0.5856664377053789
0.8876887559890747,0.04773495010200655
0.08010800927877426,0.06586118525850138
0.14871487021446228,-0.7168641430161541
0.844184398651123,-0.1020522462557646
0.02270227111876011,0.9016871509656346
0.7890788912773132,-0.20623542517861537
0.11281128227710724,-0.43533104002824524
0.5070506930351257,-0.30807960319110966
0.9166916608810425,0.12191501856606275
0.22082208096981049,-0.26273960666511764
0.7993799448013306,-0.20222729323830835
0.9842984080314636,0.11296681643238325
0.6559655666351318,0.2508031702127227
0.9921992421150208,0.09698104889425423
0.3153315484523773,0.5317808724111107
0.44414442777633667,-0.3195522180908412
0.750575065612793,-0.1438840321904495
0.8957895636558533,0.07217383788420156
0.621562123298645,0.27711860489156015
0.9598959684371948,0.1457472555604007
0.21442145109176636,-0.33992745819763986
0.7411741018295288,-0.11151708904900662
0.8929892778396606,0.0639973660084916
0.23742374777793884,-0.05516139203205746
0.2577257752418518,0.1863228417110437
0.16321632266044617,-0.7251383851006543
0.4832483232021332,-0.3807972121861885
0.22982297837734222,-0.15062190478865317
0.5033503174781799,-0.3239761360923518
0.015601560473442078,0.9527085598341399
0.8046804666519165,-0.19691751246063377
0.6706670522689819,0.2046740598822256
0.33493348956108093,0.4942025780817145
0.2879287898540497,0.44841222160136934
0.34133413434028625,0.4660726004901056
0.7768777012825012,-0.19966399213459818
0.4189418852329254,-0.16204240578118392
0.9610961079597473,0.1448314857916998
0.9734973311424255,0.13094006939488292
0.7251725196838379,-0.04497366424766617
0.761376142501831,-0.17340888598697038
0.6919691562652588,0.11378141667084118
0.9681968092918396,0.137833225261834
0.9671967029571533,0.1389780258799744
0.47944796085357666,-0.3852398222819201
0.5654565095901489,0.050267938503588114
0.24952495098114014,0.0926548030563565
0.7304730415344238,-0.06835285126865041
0.23722372949123383,-0.0576623412244842
0.4091409146785736,-0.08237393243569682
0.9471946954727173,0.15039993583816674
0.34613460302352905,0.44046201234637994
0.700670063495636,0.07210310969490377
0.5391539335250854,-0.12293583187808353
0.7172716856002808,-0.008325368684952332
0.5696569681167603,0.07620404428381095
0.56645667552948,0.05652192217137663
0.4503450393676758,-0.34510679208505407
0.2550255060195923,0.15625112338081446
0.4715471565723419,-0.38746781748359527
0.08470847457647324,-0.012340777731186036
0.3344334363937378,0.49609365456458604
0.09380938112735748,-0.16194921897345665
0.4825482666492462,-0.3817763714601243
0.9693969488143921,0.13639292815429957
0.8863886594772339,0.043603602170157345
0.8610861301422119,-0.043605561521226584
0.5354535579681396,-0.147158260224169
0.5477547645568848,-0.06566437546702182
0.9723972678184509,0.13248214695898794
0.07560756057500839,0.14322890749840167
0.4750474989414215,-0.3876659003821514
0.26442644000053406,0.25705618916439343
0.4162416160106659,-0.14089692500415565
0.8648865222930908,-0.03008851166835072
0.3165316581726074,0.5317405473823283
0.6497650146484375,0.26469162112368955
0.5987598896026611,0.22153836118991926
0.3873387277126312,0.11324003297984282
0.7751774787902832,-0.19775587793748847
0.6523652076721191,0.25930967953988454
0.3418341875076294,0.46357882507062376
0.9904990196228027,0.10059633287227061
0.20612061023712158,-0.4344263452913149
0.054905492812395096,0.4923549513826149
0.4453445374965668,-0.32494519677294975
0.28122812509536743,0.4040988489673918
0.8777877688407898,0.015109762326549559
0.8995899558067322,0.08276087411955291
0.2549254894256592,0.1551217940540527
0.606960654258728,0.24819155781413912
0.31693169474601746,0.5316591735209882
0.7054705619812012,0.04871925663178675
0.48284828662872314,-0.38136554827756247
0.9570956826210022,0.1475724524770283
0.1259125918149948,-0.5788807521004496
0.8712871074676514,-0.00743383838545875
0.3661366105079651,0.299667758533281
0.7922792434692383,-0.20590794195636325
0.10241024196147919,-0.2936659906957967
0.49654966592788696,-0.3490761443698278
0.07520752400159836,0.15012660400829622
0.3942394256591797,0.05000041056599371
0.371037095785141,0.2587843044723291
0.996099591255188,0.08836552566037026
0.19511951506137848,-0.5454129550371283
0.6314631700515747,0.28281258845689694
0.035103511065244675,0.7741505535040001
0.15111511945724487,-0.7225104405266424
0.48294830322265625,-0.381225666086847
0.9616961479187012,0.14434397980273245
0.3746374547481537,0.22766153278798096
0.5799579620361328,0.13540171231415105
0.07010701298713684,0.23804594652656888
0.36933693289756775,0.27317908809759595
0.4614461362361908,-0.3761143989182727
0.721372127532959,-0.027574303768485343
0.056105609983205795,0.47307393081764404
0.23182319104671478,-0.12546638397600265
0.30983099341392517,0.5280212016561857
0.4838483929634094,-0.37990077623732527
0.315031498670578,0.5317430654739118
0.5608561038970947,0.02095375603457717
0.4299429953098297,-0.24045281611248703
0.4618462026119232,-0.37687066024418137
0.40744075179100037,-0.06781926232038876
0.3994399607181549,0.002796123274726569
0.6373637318611145,0.28091624684165917
0.6167616844177246,0.27029578751347527
0.10471047461032867,-0.3268277590539741
0.29392939805984497,0.480381037993003
0.1808180809020996,-0.6561456189221272
0.3166316747665405,0.5317233823986359
0.04140413925051689,0.6932987144668719
0.13401339948177338,-0.6450578818248572
0.937193751335144,0.1472852349157681
0.7740774154663086,-0.1963920103689751
0.5060505867004395,-0.3125226716242528
0.46334633231163025,-0.3794811829794309
0.46094611287117004,-0.3751334931359503
0.7366736531257629,-0.09410004897458944
0.14691469073295593,-0.7115048065259053
0.1710171103477478,-0.7046821060592122
0.6270626783370972,0.2816699263093404
0.8732873201370239,-0.0004303588880264792
0.2271227091550827,-0.18451108316129575
0.15831583738327026,-0.7292204655742507
0.14121411740779877,-0.6881811636756006
0.41114112734794617,-0.09924815141543228
0.7652765512466431,-0.18186372597881986
0.6693669557571411,0.20941524409944715
0.1722172200679779,-0.700064668867754
0.20242024958133698,-0.4738317346699544
0.22122211754322052,-0.257825265871685
0.15071506798267365,-0.7216883047505787
0.2622262239456177,0.2344865598470537
0.5290529131889343,-0.1879142462681117
0.9128912687301636,0.11452353462658227
0.13211321830749512,-0.6311825183822951
0.0842084214091301,-0.0039033863771077413
0.11461146175861359,-0.45752585172542726
0.3624362349510193,0.32917361699775444
0.42804279923439026,-0.22788115571129083
0.9010900855064392,0.08676820863423701
0.898689866065979,0.08030884327484919
0.46814683079719543,-0.385442853093645
0.04630463197827339,0.6242184770418635
0.17541754245758057,-0.685905863929691
0.39363935589790344,0.055485346594334795
0.7933793067932129,-0.2056021422817703
0.9460946321487427,0.15035518132337544
0.44014403223991394,-0.3000684756679184
0.4700469970703125,-0.38679819538035365
0.8991899490356445,0.0816754355041013
0.037803780287504196,0.7406829385315954
0.31063106656074524,0.5289728630533798
0.8215821385383606,-0.16676272628027322
0.13351334631443024,-0.6415061393776071
0.12231223285198212,-0.5437370062711916
0.3848384916782379,0.13611474217155695
0.27162715792655945,0.3258859383766476
0.6837683916091919,0.15123737540774687
0.2952295243740082,0.4863153555984347
0.13501350581645966,-0.6519465501632743
0.10821082442998886,-0.3753683374688221
0.64536452293396,0.2722786055637885
0.18111811578273773,-0.6542841633175623
0.41214120388031006,-0.10757705816069514
0.13511350750923157,-0.6526196162710162
0.7817781567573547,-0.2038038392574771
0.8796879649162292,0.02155826258689954
0.1894189417362213,-0.5946773354825737
0.6639664173126221,0.22781303292672933
0.05650565028190613,0.4666064418325434
0.39033904671669006,0.08572414591554797
0.7100709676742554,0.026307229168774763
0.3673367500305176,0.28983287716502737
0.43664366006851196,-0.28117183557756037
0.7545754909515381,-0.15583084371263584
0.12121212482452393,-0.5323242620766493
0.11891189217567444,-0.507469354683808
0.3955395519733429,0.038137849523213356
0.08980897814035416,-0.09722911736190674
0.4786478579044342,-0.3858999519693442
0.8092809319496155,-0.19062204195512691
0.4602460265159607,-0.3736938458701607
0.8896889686584473,0.05398531846035209
0.3454345464706421,0.4444243773699738
0.36093610525131226,0.3407537232541431
0.8157815933227539,-0.17921963541729613
0.8765876293182373,0.010999834934264093
0.967796802520752,0.1382972370836943
0.7572757005691528,-0.16323194203652042
0.3909390866756439,0.08022039455457859
0.4028402864933014,-0.027589137910991966
0.3931393027305603,0.06006011680838566
0.2332233190536499,-0.10785543892198915
0.7302730083465576,-0.06749186396617374
0.22622261941432953,-0.19577403259940698
0.9260926246643066,0.13666653225765993
0.5781577825546265,0.12557563924603882
0.25952595472335815,0.20589577425499797
0.7200720310211182,-0.021519072527019505
0.35933592915534973,0.3528433445395835
0.5216521620750427,-0.23242814342234883
0.10301030427217484,-0.30240913944939357
0.7433743476867676,-0.11960043006492588
0.7877787947654724,-0.20612747757678263
0.8823882341384888,0.030582520886684214
0.8236823678016663,-0.1617646365178599
0.573357343673706,0.09825832451581051
0.5378537774085999,-0.1314890724020882
0.7762776613235474,-0.19901825780439036
0.17551755905151367,-0.6854208328343386
0.7355735301971436,-0.08967267778533983
0.4161416292190552,-0.14010107512703193
0.023102309554815292,0.8983070711460764
0.810481071472168,-0.18873233583321958
0.011001099832355976,0.9762467577916434
0.5457545518875122,-0.07904288140715728
0.6708670854568481,0.20393448557367133
0.2514251470565796,0.11494920381399612
0.5961595773696899,0.21161127292129006
0.42794281244277954,-0.22720755047464228
0.47204720973968506,-0.38761279531952325
0.2917291820049286,0.4695274458333845
0.9390938878059387,0.14834750664849553
0.2992299199104309,0.5023172840242341
0.23172317445278168,-0.12672448222703214
0.4847484827041626,-0.3784577840237894
0.42924293875694275,-0.23587169143064055
0.6991698741912842,0.0793763370625369
0.1515151560306549,-0.7232850584253694
0.02160216122865677,0.9107115932068213
0.9213921427726746,0.12993371406069748
0.9061906337738037,0.0996144124549713
0.8417841792106628,-0.10987352711941988
0.22632263600826263,-0.19452365762292428
0.532653272151947,-0.1651968623451465
0.6840684413909912,0.14991124049128626
0.8498849868774414,-0.08287495150395503
0.6010600924491882,0.22973833600274524
0.08930893242359161,-0.08901355463211935
0.1490149050951004,-0.717663618642296
0.3003300428390503,0.5061159424733522
0.18501850962638855,-0.628180846300605
0.5199519991874695,-0.2421525891533697
0.6380637884140015,0.2804351386758104
0.03240324184298515,0.8057124696936206
0.12151215225458145,-0.5354676045824772
0.28992900252342224,0.4598962739710816
0.2933293282985687,0.47752174137355713
0.36583659052848816,0.30210708246531914
0.8678867816925049,-0.01943558495331704
0.6673667430877686,0.21647919258822843
0.7972797155380249,-0.20373309579838378
0.8586858510971069,-0.05212360415217404
0.6169617176055908,0.2706330552893672
0.9724972248077393,0.13234431765649077
0.11291129142045975,-0.43658336715929635
0.8856885433197021,0.04135770603434316
0.2918291985988617,0.4700427751013451
0.39023903012275696,0.08664154334768014
0.7947794795036316,-0.2050713658036576
0.9097909927368164,0.1079148019531074
0.38273829221725464,0.15524532310775094
0.492349237203598,-0.36169553372436264
0.020802080631256104,0.9170227068320693
0.32543253898620605,0.522036990500851
0.2795279622077942,0.39146981526344216
0.5106510519981384,-0.2912292645656578
0.9011901021003723,0.08703177647622419
0.07980798184871674,0.07099926637529456
0.9105910658836365,0.10966892691500484
0.07340734452009201,0.18117757364357925
0.22442243993282318,-0.21822742947207305
0.017801780253648758,0.9387572083502129
0.5830582976341248,0.15174331358053314
0.7008700966835022,0.07113159954431163
0.11741174012422562,-0.4905521347676913
0.6642664670944214,0.22684847649065332
0.5848584771156311,0.16087691208678254
0.1831183135509491,-0.6413344703048236
0.7995799779891968,-0.20206592407840251
0.9279928207397461,0.1390149659275564
0.7897789478302002,-0.20623568064207412
0.8597859740257263,-0.048223074548138
0.8522852063179016,-0.07459591133095558
0.019801979884505272,0.9246091291446346
0.7928792834281921,-0.2057533201688881
0.7076708078384399,0.03798877514442501
0.9284928441047668,0.13959685000492303
0.10971096903085709,-0.39541734077694923
0.05480547994375229,0.4939532243895736
0.6908690929412842,0.11893426396359397
0.8229823112487793,-0.1634581347510768
0.47064706683158875,-0.3871083467305432
0.6912691593170166,0.1170644081489433
0.3369337022304535,0.48618521612719184
0.7583758234977722,-0.1660895451804928
0.25322532653808594,0.13576247119300508
0.4055405557155609,-0.05134240590376182
0.23142313957214355,-0.1304987348855333
0.665366530418396,0.2232521694579108
0.6885688304901123,0.12959231115964595
0.5937593579292297,0.20184480905358643
0.28152814507484436,0.40627059411209576
0.34373438358306885,0.45372843283256253
0.3880388140678406,0.10682294842656646
0.41574159264564514,-0.13690891478893577
0.0066006602719426155,0.9913766438210883
0.786678671836853,-0.20592660857174674
0.061606161296367645,0.38259027739408974
0.11181118339300156,-0.4226851035045423
0.3260326087474823,0.5207992082385431
0.34013402462005615,0.47188705906198203
0.36923691630363464,0.2740192076255928
0.09370937198400497,-0.16035469918402825
0.6604660749435425,0.2385342682476466
0.25722572207450867,0.1808168330941077
0.7536753416061401,-0.15324362550882523
0.6324632167816162,0.2827655280113419
0.062206219881772995,0.372540710189116
0.16811680793762207,-0.714244620011004
0.21262125670909882,-0.36103948262346836
0.07870787382125854,0.08986842238779859
0.3332333266735077,0.5004445516892949
0.7236723899841309,-0.038162546609519635
0.10921092331409454,-0.38878634406580737
0.9103910326957703,0.10923353567394185
0.5020501613616943,-0.32919896430195006
0.9353935718536377,0.1460744874770951
0.5944594144821167,0.20475213922702382
0.32803279161453247,0.5161557650629276
0.8186818361282349,-0.17324637197827253
0.22012200951576233,-0.2713179466835123
0.1160116046667099,-0.47427113190761316
0.5581557750701904,0.0033953997363310026
0.3592359125614166,0.35358963486226025
0.39523953199386597,0.040872469925654215
0.9691969156265259,0.1366379733008908
0.6247624754905701,0.2801905549756891
0.4153415262699127,-0.13370287374737433
0.047804780304431915,0.6021176307453409
0.13521352410316467,-0.6532898032466445
0.430943101644516,-0.24689324316629688
0.5698570013046265,0.07741632108408354
0.2647264897823334,0.2600809843512067
0.8460845947265625,-0.09574649650890958
0.8198819756507874,-0.1706238405314418
0.7689769268035889,-0.1887500767681464
0.9257925748825073,0.13627593339342045
0.2589258849620819,0.19941550671674543
0.10331033170223236,-0.30675661271165156
0.4686468541622162,-0.3858546036776848
0.5011501312255859,-0.33270029255244593
0.2598259747028351,0.20911902912512806
0.5819581747055054,0.14603137900576252
0.46084609627723694,-0.3749325695716012
0.8470847010612488,-0.09239091565311981
0.904090404510498,0.09447451087259293
0.7450745105743408,-0.12564092455266432
0.46714672446250916,-0.38450109745990096
0.5583558082580566,0.004703503939955521
0.37173718214035034,0.2527977132464275
0.9327932596206665,0.14397489022661764
0.3928392827510834,0.0628065182672521
0.3617361783981323,0.33460652225316656
0.14251425862312317,-0.6943484417516655
0.937893807888031,0.1477023752280519
0.2919291853904724,0.47055601848146833
0.3819381892681122,0.16250516322958944
0.18711870908737183,-0.6127083363553395
0.548754870891571,-0.05897452608149017
0.04800480231642723,0.5991395300821758
0.5972597599029541,0.21589522695916907
0.960096001625061,0.14560014089545695
0.28882887959480286,0.4536813297625422
0.6686668395996094,0.2119198821478607
0.6315631866455078,0.28281296715850335
0.05270526930689812,0.5271975203686048
0.4129413068294525,-0.11418546900002048
0.07220721989870071,0.20187445954520772
0.5120512247085571,-0.28433077886909613
0.47224724292755127,-0.387659859423272
0.022002199664711952,0.9074761652421711
0.9188919067382812,0.1258258193848557
0.19351935386657715,-0.5598710694022445
0.03440343961119652,0.7825209028019207
0.8332833051681519,-0.1360037404295356
0.9674967527389526,0.13863992275890474
0.4483448266983032,-0.3374935515748207
0.9706970453262329,0.13475198808486002
0.8486848473548889,-0.08697373576251917
0.9216921925544739,0.1304023202474687
0.6903690099716187,0.12126506680464694
0.9154915809631348,0.11966702651634047
0.5960595607757568,0.2112157725643356
0.7034703493118286,0.058474894467299
0.6051604747772217,0.24296236516009737
0.23912391066551208,-0.03395238952699742
0.7181718349456787,-0.012587173837718868
0.43284329771995544,-0.2587860233688929
0.6452645063400269,0.27242822252636884
0.19831983745098114,-0.5151216117051655
0.8246824741363525,-0.15929874713714828
0.15541554987430573,-0.7283541144713273
0.4850485026836395,-0.37795069465988573
0.9095909595489502,0.10747105525410741
0.9922992587089539,0.09676562184652121
0.7532753348350525,-0.15207475213587324
0.685368537902832,0.14412138181840872
0.4641464054584503,-0.38072785637145845
0.2881288230419159,0.4495973946860994
0.16771677136421204,-0.7153839736468504
0.4885488450527191,-0.37108411939802605
0.1964196413755417,-0.5333229272829054
0.09010901302099228,-0.10214596273714092
0.713071346282959,0.011780507989395636
0.30683067440986633,0.5232182976626625
0.2296229600906372,-0.15313593265642317
0.6237623691558838,0.27935743820693976
0.5862586498260498,0.1677923997104246
0.029602959752082825,0.8363094664102203
0.8778877854347229,0.015451006684474378
0.005700570065528154,0.9935580518810255
0.7242724299430847,-0.04089636535379868
0.4385438561439514,-0.2916397666785043
0.29842984676361084,0.4993910226457642
0.002700270153582096,0.998547578397901
0.4407440721988678,-0.3031367479617952
0.987798810005188,0.1061472439586568
0.2676267623901367,0.2886375765201444
0.8545854687690735,-0.0665753191382412
0.5262526273727417,-0.20513947064877747
0.5841584205627441,0.15735689124053998
0.7021702527999878,0.0648086973789809
0.3248324990272522,0.5232024842118648
0.5667566657066345,0.05838895378291042
0.3884388506412506,0.1031546305641882
0.7663766145706177,-0.1840275765858356
0.029502950608730316,0.8373605255841783
0.3161316215991974,0.5317879930487117
0.25802579522132874,0.18961226320427316
0.3870387077331543,0.11598899035366153
0.9210920929908752,0.12945986479438473
0.44044405221939087,-0.3016089612497036
0.6952695250511169,0.09813951530790449
0.0648064836859703,0.32867132474950517
0.13701370358467102,-0.6648591531916083
0.9855985641479492,0.11048557675845547
0.6992698907852173,0.0788922484136776
0.5532553195953369,-0.028947594631450337
0.9620962142944336,0.14400808414171556
0.570857048034668,0.08344424005262153
0.420942097902298,-0.1772592875851508
0.06810680776834488,0.27238762748749024
0.043404340744018555,0.6657066986127349
0.9309930801391602,0.1422791415145212
0.4824482500553131,-0.38191036760321245
0.9761976003646851,0.1269176868657667
0.3159315884113312,0.5317989748000542
0.1489148885011673,-0.7174001024133345
0.29872986674308777,0.5005044925759072
0.08120812475681305,0.047055369963951155
0.18821881711483002,-0.6042235659732604
0.9267926812171936,0.1375569733337917
0.49364936351776123,-0.35803587593995057
0.9935993552207947,0.09393805316879096
0.1940194070339203,-0.5554038841888632
0.329632967710495,0.5118747895258156
0.35343533754348755,0.394854937994825
0.45254525542259216,-0.35277591032618644
0.37293729186058044,0.24245951974012517
0.7015701532363892,0.0677285769796059
0.1612161248922348,-0.7276385809876252
0.11811181157827377,-0.4985153483395951
0.13751375675201416,-0.6679061005290373
0.922492265701294,0.1316262241539409
0.3946394622325897,0.04634704802789463
0.7210720777511597,-0.026181241166895616
0.521152138710022,-0.23530979725978185
0.006300630047917366,0.9921386259496089
0.06260626018047333,0.3658245210616055
0.4421442151069641,-0.31009735804543137
0.16691669821739197,-0.717530550483146
0.2112211287021637,-0.377242298132999
0.5804580450057983,0.13808810005188066
0.9763976335525513,0.1266066186060133
0.4032403230667114,-0.031131113697599626
0.6545654535293579,0.2542536205167221
0.7948794960975647,-0.20502741594190657
0.008400839753448963,0.986077414284982
0.9180918335914612,0.12443547245265384
0.14621461927890778,-0.7091602215735873
0.228322833776474,-0.16946459527885022
0.28872886300086975,0.45310403415722167
0.5834583044052124,0.15379611579939922
0.068406842648983,0.26724531080772207
0.4469446837902069,-0.3318048817683139
0.041804179549217224,0.6878500477756865
0.5228523015975952,-0.22544154787397122
0.42534253001213074,-0.20928677263388837
0.2709271013736725,0.3195541114894053
0.2357235699892044,-0.07645112971654094
0.8059805631637573,-0.19529359637206592
0.136613667011261,-0.6623692779960259
0.6277627944946289,0.2819995956195931
0.39163917303085327,0.07380149889646807
0.02930293045938015,0.8394538497463964
0.2639263868331909,0.25198626243910016
0.9458945989608765,0.1503391957757822
0.15061506628990173,-0.7214753433263708
0.9037903547286987,0.09372286530284936
0.7393739223480225,-0.10468842620648904
0.16341634094715118,-0.724825680358018
0.24572457373142242,0.04718332094808096
0.9891989231109619,0.10329913182589477
0.5558555722236633,-0.011721881529615404
0.9751974940299988,0.12844616286362162
0.23002301156520844,-0.14810747835616134
0.45374536514282227,-0.35664465770061976
0.29382938146591187,0.4799097564720695
0.1563156396150589,-0.7288866839739346
0.5689568519592285,0.071943945705642
0.8658865690231323,-0.0265334683732236
0.7517751455307007,-0.14758852399086408
0.1979198008775711,-0.5190046372567415
0.18831883370876312,-0.6034395219252071
0.38033804297447205,0.17696773263361068
0.04380438104271889,0.6600857378712736
0.46354636549949646,-0.3798023481302815
0.4528452754020691,-0.35376398463831427
0.4332433342933655,-0.2612313080589429
0.35733574628829956,0.36755320595752367
0.8741874098777771,0.0027038645708114453
0.8911890983581543,0.058584438803348515
0.48174819350242615,-0.3828069967654788
0.6435643434524536,0.27481329978227054
0.29862987995147705,0.5001354843012588
0.7838783860206604,-0.20495991393950933
0.07040704041719437,0.2328842152076369
0.22802279889583588,-0.17322893494439986
0.8734873533248901,0.0002671343827831979
0.41474148631095886,-0.12886818676814657
0.5412541627883911,-0.10904027898812825
0.037303730845451355,0.7470191140244643
0.6405640840530396,0.278281621142175
0.9223922491073608,0.13147528592269692
0.2585258483886719,0.1950706540583186
0.1332133263349533,-0.6393408440242804
0.9572957158088684,0.14745671047015535
0.5282528400421143,-0.1928785257432993
0.9131913185119629,0.11513584256868618
0.8315831422805786,-0.14088569618566138
0.9809980988502502,0.11897507678849091
0.1784178465604782,-0.6702592114005461
0.31823182106018066,0.5311611243963049
0.049404941499233246,0.5780942023705345
0.7363736629486084,-0.09289894090902703
0.28602859377861023,0.4367496109267802
0.7929793000221252,-0.20572470628770403
0.4041404128074646,-0.039072250760556156
0.7178717851638794,-0.01116866145765187
0.28972896933555603,0.4587847784893287
0.0366036593914032,0.7557852780144348
0.08490849286317825,-0.015710714006091545
0.7440744042396545,-0.12210981625385026
0.945494532585144,0.15029996548982763
0.4301430284976959,-0.24175074373521757
0.26532652974128723,0.26609152733206237
0.350335031747818,0.4151455206709596
0.15411540865898132,-0.7271639357901372
0.4165416657924652,-0.1432791728189861
0.8866886496543884,0.04456161734242743
0.03220321983098984,0.8079714373846779
0.20312032103538513,-0.4665246771885171
0.08130813390016556,0.045348585089206875
0.8939893841743469,0.06695244832349356
0.9375937581062317,0.14752728375197224
0.10791078954935074,-0.3713029027892785
0.22262226045131683,-0.24055926143565348
0.9136914014816284,0.11614551072081554
0.953195333480835,0.14937151528581358
0.27052706480026245,0.3158997279453891
0.6824682354927063,0.15693873738165848
0.7556755542755127,-0.15891187177327046
0.11641164124011993,-0.4789706734311018
0.3261326253414154,0.5205859076693881
0.4687468707561493,-0.38593222820612505
0.14501450955867767,-0.7048018562266427
0.38623863458633423,0.12331498223610962
0.6103610396385193,0.2570891860007525
0.9215921759605408,0.13024670140633063
0.7120711803436279,0.016610676360138975
0.6398639678955078,0.27895276073321984
0.9588958621025085,0.14644952027619354
0.6214621067047119,0.27700356810829185
0.9645964503288269,0.14171370294280078
0.5336533784866333,-0.15878787193671115
0.405640572309494,-0.05221479391864594
0.9511951208114624,0.14995133392051474
0.29993000626564026,0.5047647873020884
0.9024902582168579,0.09041657835551384
0.12311231344938278,-0.5518410167041303
0.1514151394367218,-0.7230958573574043
0.23132313787937164,-0.13175678828407963
0.14511451125144958,-0.7051814044079204
0.5267527103424072,-0.2020950601463983
0.6131613254547119,0.26344101438355677
0.8531852960586548,-0.07146649635330588
0.6464646458625793,0.270565125745361
0.08380838483572006,0.002859008969004092
0.9915991425514221,0.09826723876674122
0.8261826038360596,-0.15549951945099683
0.641464114189148,0.2773414931441146
0.8504850268363953,-0.08081490576091988
0.3567356765270233,0.3718753064738399
0.9264926314353943,0.13717895205364042
0.3087308704853058,0.5264865902473698
0.8643864393234253,-0.03186694281104713
0.17141714692115784,-0.7031854798439702
0.03390339016914368,0.7884201763091404
0.9563956260681152,0.14795965364422953
0.5942593812942505,0.20392637337779548
0.9869986772537231,0.10774461684354894
0.8102810382843018,-0.1890542323124251
0.8488848805427551,-0.08629265516842063
0.058805882930755615,0.4290536943955168
0.33653366565704346,0.4878461623238442
0.2670266926288605,0.2828329054686837
0.3589358925819397,0.35582179572374417
0.0034003399778157473,0.9976993195323841
0.0028002799954265356,0.9984382360125515
0.8553855419158936,-0.06376900122415047
0.8117811679840088,-0.18657303964585212
0.21702170372009277,-0.30893258909732607
0.8377838134765625,-0.12250190111374219
0.5620561838150024,0.028680280283403137
0.08890888839960098,-0.08242280973151311
0.6489648818969727,0.26621516026141423
0.3322332203388214,0.503865732822635
0.9396939873695374,0.14863694385515436
0.3514351546764374,0.408095615248455
0.442044198513031,-0.30960945544304397
0.8351835012435913,-0.13040149029513187
0.5361536145210266,-0.14260597505871175
0.3733373284339905,0.2389931804971838
0.9463946223258972,0.15037462735931434
0.7081707715988159,0.035552191826027056
0.16541653871536255,-0.7210772025697462
0.5032503604888916,-0.32438474369458425
0.022302230820059776,0.90501488931611
0.862586259841919,-0.03827108974500767
0.6194619536399841,0.27446046938604896
0.15901590883731842,-0.7290616459946404
0.5982598066329956,0.21968297545267135
0.32563257217407227,0.5216324113224079
0.6680667996406555,0.21403922113242874
0.47704771161079407,-0.3869292640444156
0.21812181174755096,-0.2956605951819338
0.6803680658340454,0.16598491418111502
0.49134913086891174,-0.36435701998682124
0.6786679029464722,0.1731493914423528
0.4789479076862335,-0.38566372552826483
0.1209120899438858,-0.5291579701444813
0.04210421070456505,0.6837403755724318
0.874087393283844,0.0023561991549091547
0.17061705887317657,-0.7061359932257003
0.11581157892942429,-0.4719071324804704
0.2306230664253235,-0.14056221287087725
0.027302730828523636,0.8597332205246525
0.01710171066224575,0.9433813209127706
0.395639568567276,0.03722672851986322
0.6696670055389404,0.2083313900762767
0.3188318908214569,0.5308112018618728
0.8132812976837158,-0.18393928893536238
0.480848103761673,-0.3838530471458918
0.8083808422088623,-0.1919731473955433
0.1564156413078308,-0.7289311758416924
0.1782178282737732,-0.6713720729576961
0.0843084305524826,-0.005592273158394414
0.9345934391021729,0.14547257187188503
0.44614461064338684,-0.3284225642352216
0.0904090404510498,-0.10705323638210026
0.5911591053009033,0.19063150628188
0.9950994849205017,0.09061513753474912
0.9297930002212524,0.1410389766300394
0.15471547842025757,-0.7277751570811439
0.20802080631256104,-0.4134832516107598
0.9881988167762756,0.1053402674866371
0.39853987097740173,0.010912336853773557
0.6389639377593994,0.2797379318948907
0.7579758167266846,-0.16506109823938658
0.9245924353599548,0.13465983830471917
0.6567656993865967,0.24875186261163415
0.8206820487976074,-0.16882787614094788
0.3820382058620453,0.16159865010200658
0.26462647318840027,0.25907415745329215
0.4454445540904999,-0.3253850459376094
0.7159715890884399,-0.002137868233770504
0.8221822381019592,-0.16536006780476634
0.8596859574317932,-0.04857795162395402
0.9589958786964417,0.1463818002820665
0.6071606874465942,0.248750553896266
0.21552155911922455,-0.32688226370350015
0.6712671518325806,0.2024473402945296
0.37153714895248413,0.2545115640786658
0.4057405889034271,-0.053086624229808026
0.5952595472335815,0.20801575226845204
0.3102310299873352,0.5285143254067222
0.05580558255314827,0.4779114832808646
0.46104609966278076,-0.3753328361114213
0.6978697776794434,0.08565749197708747
0.14361436665058136,-0.6991763329699378
0.05070507153868675,0.5582522876011015
0.1869186908006668,-0.6142232637738904
0.07550755143165588,0.14495317360679785
0.5419541597366333,-0.1043904543557635
0.4050405025482178,-0.0469722147460932
0.8089808821678162,-0.1910787529475547
0.3836383819580078,0.1470583946088191
0.21182118356227875,-0.3703226034563495
0.6152615547180176,0.267619900385994
0.7808780670166016,-0.20319493146403889
0.050105009227991104,0.5674449786382363
0.6259626150131226,0.28103827906498174
0.9743974208831787,0.12963632658202714
0.1539153903722763,-0.72693657985408
0.6141613721847534,0.26549376325947616
0.12111211568117142,-0.5312713771164105
0.9122912287712097,0.11328435355665314
0.0672067180275917,0.28779199558780405
0.33773377537727356,0.48277817086302255
0.8783878087997437,0.017154228864685244
0.1464146375656128,-0.7098449794589136
0.11921191960573196,-0.5107863876137752
0.698469877243042,0.08276137733027758
0.18721872568130493,-0.6119476502141233
0.3590359091758728,0.3550788638805997
0.6726672649383545,0.19715984405399237
0.05050504952669144,0.5613230631912822
0.8118811845779419,-0.18640216690322509
0.050605062395334244,0.559788487896085
0.9449945092201233,0.15023730005934707
0.7131713032722473,0.011298262159053435
0.48074808716773987,-0.3839618309202457
0.7303730249404907,-0.0679225795615999
0.17731773853302002,-0.6762576193399129
0.6854685544967651,0.14367317255264694
0.4906490743160248,-0.36613961300670583
0.07970797270536423,0.07271277165188281
0.8785878419876099,0.017834093994703096
0.7070707082748413,0.040914073381954186
0.2829282879829407,0.4161767870451113
0.9319931864738464,0.14324563689114841
0.8737874031066895,0.0013123171110987401
0.031203120946884155,0.8190985081073326
0.07460746169090271,0.16047569158007968
0.3569357097148895,0.370439373718391
0.07900790125131607,0.08471798281215268
0.24762476980686188,0.07005603176345632
0.9325932264328003,0.1437962428941955
0.25702571868896484,0.17860624761342941
0.5286528468132019,-0.1904004930803875
0.5215521454811096,-0.23300588150414997
0.21632163226604462,-0.31733128513655234
0.6577657461166382,0.24610762273748954
0.8449845314025879,-0.09940879198239201
0.03800380229949951,0.7381312522523104
0.8508850932121277,-0.07943780866639003
0.12921291589736938,-0.6080411558692398
0.19121912121772766,-0.57980522242573
0.059905990958213806,0.41089060632253455
0.3892389237880707,0.09581603474830834
0.4141414165496826,-0.12400330347575611
0.16521652042865753,-0.7215026707144078
0.5224522352218628,-0.22778131155563852
0.1893189400434494,-0.5954842562593325
0.19441944360733032,-0.5517965874541073
0.3395339548587799,0.47470288904600744
0.547954797744751,-0.06432628039101947
0.9769976735115051,0.12566278270416495
0.03750374913215637,0.7444920524672777
0.1966196596622467,-0.5314363280670114
0.3957395851612091,0.036315823015468394
0.713571310043335,0.009370774281262732
0.7478747963905334,-0.13518263515627454
0.450545072555542,-0.3458346473450334
0.9580957889556885,0.14697112153089315
0.5288528800010681,-0.18915838569090238
0.14711470901966095,-0.7121479074033872
0.334633469581604,0.4953427130750171
0.6253625154495239,0.2806351311592346
0.28532853722572327,0.4322702320179224
0.8988898992538452,0.08085677961027837
0.9775977730751038,0.1247031357466036
0.6459646224975586,0.2713593290903393
0.40624064207077026,-0.05743729612858454
0.5863586664199829,0.16827991811460877
0.43064308166503906,-0.24497406943541256
0.48774877190589905,-0.3728065485951636
0.7249724864959717,-0.04407007833524855
0.5273526906967163,-0.19842317642468132
0.3990398943424225,0.00639999034106423
0.10491049289703369,-0.3296653741033619
0.6175617575645447,0.2716172634934658
0.6926692724227905,0.11048533509908197
0.7864786386489868,-0.20587926977759383
0.20352035760879517,-0.4623172876996401
0.4039404094219208,-0.03731102662204433
0.6875687837600708,0.13417246862649596
0.935493528842926,0.14614696710142255
0.19721972942352295,-0.5257347285934547
0.5072507262229919,-0.30717828903698907
0.2099209874868393,-0.3921039865569313
0.14991499483585358,-0.7199013888499277
0.9612961411476135,0.144671167956186
0.06520652025938034,0.3218809218130247
0.017001699656248093,0.9440278837857894
0.40854084491729736,-0.07725829394978968
0.024202421307563782,0.8887444239418223
0.5710570812225342,0.0846430084220405
0.6972697377204895,0.08854821629993408
0.2756275534629822,0.3604750950717524
0.6884688138961792,0.13005186459722762
0.5446544885635376,-0.0863941261993406
0.207620769739151,-0.41792970623195713
0.4103410243988037,-0.09253220391426509
0.9559956192970276,0.14816837007129777
0.7571756839752197,-0.16296759397000504
0.9466946721076965,0.1503886398433326
0.4894489347934723,-0.3690396334020588
0.669266939163208,0.20977514394143826
0.8054805397987366,-0.19593286168035656
0.5389539003372192,-0.1242543725457993
0.9373937249183655,0.1474074870035323
0.8021802306175232,-0.19968768358684336
0.8604860305786133,-0.04573758954602602
0.4480448067188263,-0.3362993440420617
0.832683265209198,-0.13774123286083143
0.4078407883644104,-0.0712604831985057
0.06400640308856964,0.3422211449803154
0.127012699842453,-0.5889304976719856
0.27782779932022095,0.3783005732262723
0.9497950077056885,0.1502168233800348
0.3861386179924011,0.1242301980104819
0.3480347990989685,0.4293311955055987
0.15341533720493317,-0.7263164757650807
0.03250325098633766,0.8045788281076225
0.23382338881492615,-0.10031138591929263
0.3980398178100586,0.015432624790007572
0.687768816947937,0.13325920757851914
0.4054405391216278,-0.050469463452282586
0.22372236847877502,-0.2269281212084036
0.710671067237854,0.02339382854319822
0.9668967127799988,0.13931152876552902
0.47454744577407837,-0.3877539088768751
0.08640864491462708,-0.040887779829484314
0.6203620433807373,0.2756619852279406
0.5508550405502319,-0.04493931168639815
0.7429742813110352,-0.11815277026323548
0.03710371255874634,0.7495362409560266
0.6296629905700684,0.2826118472766571
0.5551555156707764,-0.016347012532891926
0.5723572373390198,0.09237786865762256
0.5899590253829956,0.18524037190008702
0.9287928938865662,0.1399387302210443
0.7871786952018738,-0.2060303851415326
0.23642364144325256,-0.06767653187473266
0.3213321268558502,0.5285432727158567
0.09110911190509796,-0.11846539190450292
0.904790461063385,0.09621158894324433
0.9790979027748108,0.12223600396812939
0.7289729118347168,-0.061852873883363316
0.9958996176719666,0.08881758387457844
0.6536653637886047,0.2563766776847533
0.9192919135093689,0.126507281920917
0.14231422543525696,-0.6934321467045722
0.980798065662384,0.1193253310944348
0.047904789447784424,0.6006294838632327
0.06620661914348602,0.30486334038677637
0.44764477014541626,-0.33468599745913236
0.8982897996902466,0.07920780607966528
0.8077807426452637,-0.19284201393549266
0.2988298833370209,0.5008713516569041
0.11191119253635406,-0.423959670936503
0.27762776613235474,0.37671626586199103
0.9835983514785767,0.11427664168147691
0.5003499984741211,-0.3357325752675985
0.6649664640426636,0.22457067865857697
0.7254725694656372,-0.046326335456506496
0.44274428486824036,-0.31299458531313257
0.7431743144989014,-0.11887784071924448
0.3981398046016693,0.014527952821018852
0.6351635456085205,0.2820770591550745
0.289328932762146,0.45653709971801343
0.26692670583724976,0.28186012072294775
0.3977397680282593,0.018148427886186373
0.5259525775909424,-0.20695920731503217
0.027902791276574135,0.8537754203433261
0.6730673313140869,0.1956260301866811
0.6104610562324524,0.2573312938914322
0.7020702362060547,0.06529551672907992
0.16941694915294647,-0.7102396172901221
0.8912891149520874,0.0588882397250052
0.3479347825050354,0.4299305018510132
0.44164416193962097,-0.3076435200334915
0.7592759132385254,-0.16835863641717536
0.6282628178596497,0.282200711401919
0.5603560209274292,0.01771958520126793
0.8619861602783203,-0.040405439636936
0.7780778408050537,-0.2008646506012833
0.4296429753303528,-0.23849676582438903
0.4593459367752075,-0.37172917727892885
0.48444846272468567,-0.37895184962625345
0.2209220975637436,-0.2615118485824217
0.760576069355011,-0.1715255630718929
0.5501550436019897,-0.049614648072660465
0.018401840701699257,0.9346576816224623
0.4800480008125305,-0.384681466506356
0.4845484495162964,-0.3787886102494232
0.23502349853515625,-0.0852353257154697
0.05530552938580513,0.4859486302042801
0.13971397280693054,-0.6804456913039739
0.13841384649276733,-0.6732070193274425
0.9182918071746826,0.12478647764918391
0.9817981719970703,0.11755790144077392
0.029702970758080482,0.8352554830045205
0.04430443048477173,0.653012862607401
0.7338733673095703,-0.08270710032898183
0.2077207714319229,-0.4168199223269942
0.7815781831741333,-0.20367441364540825
0.22292229533195496,-0.23684700083485985
0.2842284142971039,0.4250346554002644
0.2537253797054291,0.1414873671500649
0.8145814538002014,-0.18153583143669566
0.9536953568458557,0.14918997617176438
0.6443644762039185,0.2737283018958955
0.3367336690425873,0.48701925318936007
0.44864487648010254,-0.338674184454872
0.2578257918357849,0.18742050535671292
0.11311130970716476,-0.4390812768677873
0.48184818029403687,-0.3826833443269682
0.03200320154428482,0.8102192802614354
0.13711370527744293,-0.665474360022363
0.4042404294013977,-0.03995210199120028
0.912591278553009,0.11390636615749838
0.5145514607429504,-0.2715592835595746
0.09070907533168793,-0.1119507732203973
0.9426942467689514,0.14975339130691903
0.39503949880599976,0.04269656238007548
0.6145614385604858,0.2662829122234467
0.888688862323761,0.05087655962596722
0.6695669889450073,0.20869336544637
0.49774977564811707,-0.34505493439738105
0.6092609167098999,0.2543518384384804
0.8408840894699097,-0.11276143990500305
0.09260926395654678,-0.14273183116248625
0.6143614053726196,0.26589062269636843
0.001500150072388351,0.999550927775782
0.014301430433988571,0.9601424229791712
0.23632363975048065,-0.0689293940627723
0.012901290319859982,0.9674635204856354
0.11611161381006241,-0.4754495800989072
0.7551755309104919,-0.15752252996248742
0.6129612922668457,0.2630167947152282
0.4665466547012329,-0.38386027628679725
0.5660566091537476,0.0540259030990552
0.6460646390914917,0.2712025301121567
0.18761876225471497,-0.6088835138691242
0.24882487952709198,0.08436275060630033
0.5327532291412354,-0.1645577419321775
0.936193585395813,0.1466371454744587
0.11821182072162628,-0.49964319596958184
0.6135613918304443,0.2642757928151743
0.6377637386322021,0.2806478985823715
0.11701170355081558,-0.4859483938367266
0.21822182834148407,-0.2944497572147292
0.3371337056159973,0.4853440701766688
0.8040804266929626,-0.19762495878860706
0.18591859936714172,-0.6216679962802042
0.4860486090183258,-0.3761667742630599
0.9255925416946411,0.13601254596681614
0.8345834612846375,-0.1321867428140951
0.7347735166549683,-0.08641308154894511
0.48644864559173584,-0.37541308102817167
0.9886988401412964,0.10432389524314531
0.6388639211654663,0.27981975340614995
0.31213122606277466,0.5303848154984373
0.03870387002825737,0.729123772534029
0.7785778641700745,-0.20132916841374468
0.10321032255887985,-0.30530925380807394
0.7852785587310791,-0.20552517512716237
0.5418541431427002,-0.10505519169266975
0.09310930967330933,-0.15076091707412834
0.4019401967525482,-0.01959282248094637
0.06910691410303116,0.25523349029959946
0.5298529863357544,-0.1829177989309009
0.6658666133880615,0.22158693292628545
0.08290829509496689,0.018112685657651978
0.34983497858047485,0.4182939803430229
0.20812080800533295,-0.4123686048221957
0.9440944194793701,0.15008627350039594
0.004400440026074648,0.9961530801980927
0.39393940567970276,0.052742182453884505
0.5257525444030762,-0.20816944174656832
0.8437843918800354,-0.10336738379026857
0.43194320797920227,-0.25320940302736217
0.2965296506881714,0.49189101691707604
0.3969396948814392,0.025403058197969747
0.11871187388896942,-0.5052456254919461
0.028402840718626976,0.8487276468249936
0.8873887062072754,0.04678622946042225
0.41594159603118896,-0.13850674144511493
0.3092309236526489,0.5272166156250219
0.4556455612182617,-0.36231277297869763
0.45844584703445435,-0.3696367689137663
0.4323432445526123,-0.2557006165400395
0.5504550337791443,-0.04761046677648087
0.7074707746505737,0.03896372311480789
0.33643364906311035,0.4882569379954345
0.8025802373886108,-0.19927600528173545
0.31953194737434387,0.5303075451508463
0.881088137626648,0.026259189425153498
0.09690969437360764,-0.21071301919963012
0.3734373450279236,0.23812506428125355
0.09250925481319427,-0.141122346777585
0.9496949911117554,0.150231334746382
0.6451644897460938,0.272576809415899
0.8797879815101624,0.02189552157665407
0.28512850403785706,0.4309724923073821
0.51805180311203,-0.252766663758215
0.6723672151565552,0.19830353517894914
0.9322932362556458,0.1435236884964873
0.7810781002044678,-0.2033361323057431
0.4471447169780731,-0.3326355433057805
0.5168516635894775,-0.25932434969563395
0.4348434805870056,-0.2708050864272557
0.7903790473937988,-0.20620376726533482
0.3626362681388855,0.3276122621903466
0.17891789972782135,-0.6674341081031439
0.8293829560279846,-0.14700947355522564
0.20592059195041656,-0.43660412999120696
0.401340126991272,-0.014242238400779816
0.19021902978420258,-0.5881483117726861
0.5573557615280151,-0.0018478286910421997
0.6925692558288574,0.11095697949786268
0.007500750012695789,0.9888824544109256
0.2345234602689743,-0.09151468797760053
0.5484548807144165,-0.06098126986736114
0.04300430044531822,0.6712940209482663
0.45864588022232056,-0.37011277726238806
0.8099809885025024,-0.18953188388383307
0.8457845449447632,-0.09674837579178971
0.8156815767288208,-0.17941618617184185
0.7893789410591125,-0.20624048483998503
0.15531553328037262,-0.7282802403529637
0.024002401158213615,0.890512075694732
0.07830782979726791,0.09674022799111008
0.3066306710243225,0.5228287149840756
0.0977097749710083,-0.2230757439635949
0.2941294014453888,0.48131727115108663
0.5377537608146667,-0.13214524639361816
0.47304731607437134,-0.38778578253626683
0.16201619803905487,-0.7267756441854901
0.21462146937847137,-0.33756339164865157
0.18011800944805145,-0.6604056331095398
0.20952095091342926,-0.39663944852404026
0.6074607372283936,0.24958074865803018
0.5245524644851685,-0.21538047339991706
0.1357135772705078,-0.6565974980600843
0.8063806295394897,-0.19476905188275356
0.6050604581832886,0.24266144040292295
0.8368836641311646,-0.12526563926935252
0.6017601490020752,0.23212357481131837
0.993199348449707,0.09481335912420302
0.8769876956939697,0.012372824599264722
0.7503750324249268,-0.14325676206253599
0.16091609001159668,-0.7279148372193631
0.30963096022605896,0.5277616624703172
0.9771977066993713,0.1253446485193059
0.24152415990829468,-0.004193901429373625
0.20172017812728882,-0.4810662808593767
0.6018601655960083,0.23246007742309457
0.4125412702560425,-0.11088745533284905
0.9802980422973633,0.1201938220731648
0.324632465839386,0.5235748586509247
0.012401239946484566,0.9699043302481265
0.6425642967224121,0.2760752921014674
0.5308530926704407,-0.17662910606716328
0.7463746070861816,-0.13013514129333548
0.9157915711402893,0.1202365521846436
0.33413341641426086,0.4972062993409067
0.0598059818148613,0.41254684083142806
0.2123212367296219,-0.364528129779996
0.9498949646949768,0.15020171706936386
0.7685768604278564,-0.18805960144528058
0.7049704790115356,0.05115876641804396
0.966196596622467,0.14007171412277603
0.2197219729423523,-0.2762068584172991
0.4051405191421509,-0.04784734220235286
0.605460524559021,0.24385858437399757
0.33623361587524414,0.4890731197559998
0.6851685047149658,0.1450166065549353
0.07250725477933884,0.19670136039471647
0.4934493601322174,-0.3586134692481344
0.09780978411436081,-0.224614356818436
0.08080808073282242,0.05388738903918609
0.9603960514068604,0.14537532452246918
0.14751474559307098,-0.7133983963257541
0.5935593843460083,0.2010053501978907
0.9036903381347656,0.09347136490110879
0.733573317527771,-0.08146278509202216
0.39623963832855225,0.03176465238210376
0.6422642469406128,0.27643334091249894
0.4905490577220917,-0.3663888231726126
0.12351235002279282,-0.5558305161988272
0.12251225113868713,-0.5457785753888651
0.8049805164337158,-0.19655379404640347
0.927892804145813,0.1388967785591954
0.8671867251396179,-0.02191750400421272
0.5229523181915283,-0.22485493229300513
0.6950694918632507,0.09909447537774313
0.32173216342926025,0.5280599841895486
0.02870287001132965,0.8456630836479918
0.5023502111434937,-0.32801091824410256
0.2966296672821045,0.492305002227456
0.3164316415786743,0.5317555918436897
0.6003600358963013,0.2273013180179759
0.8887888789176941,0.05118893224208252
0.16571657359600067,-0.7204180196090559
0.19751974940299988,-0.5228606378841334
0.23972398042678833,-0.026490616063719226
0.0452045202255249,0.6401534519836016
0.8030803203582764,-0.19874441793418668
0.46964696049690247,-0.3865600383765814
0.36813682317733765,0.28320954556302
0.04220421984791756,0.6823661049709818
0.9725972414016724,0.13220601420287342
0.06570657342672348,0.31337929114455443
0.33013302087783813,0.5104350754782884
0.6394639015197754,0.2793125496127061
0.2845284640789032,0.4270317099354158
0.8291829228401184,-0.1475548970085799
0.7497749328613281,-0.14135821286370998
0.1001100093126297,-0.2595735705438588
0.4198419749736786,-0.16893862304533755
0.2418241798877716,-0.000492060233082402
0.7482748031616211,-0.1365031960835966
0.5706570744514465,0.08224317664092108
0.3847384750843048,0.13702778764765017
0.09610961377620697,-0.19825664242245494
0.15801580250263214,-0.729244877676746
0.5007500648498535,-0.33422591617878883
0.22062206268310547,-0.265193437794982
0.6312631368637085,0.2828084357192403
0.9562956094741821,0.14801268961542938
0.42314231395721436,-0.19353079688592156
0.0757075697183609,0.14150475815826027
0.2284228503704071,-0.1682094569258595
0.6663666367530823,0.21990288715220987
0.47554755210876465,-0.38753934015176333
0.821182131767273,-0.16768636290879887
0.08070807158946991,0.055596580504559144
0.657565712928772,0.24664353129298291
0.7719771862030029,-0.1935072616331263
0.19561956822872162,-0.5407987005355115
0.24452444911003113,0.03261026798494596
0.5875587463378906,0.17406198412291007
0.8163816332817078,-0.17802696674337648
0.6138613820075989,0.26488991143889506
0.24022401869297028,-0.020283180526795685
0.10731073468923569,-0.36311738951607064
0.6557655334472656,0.2513070038287216
0.42404240369796753,-0.2000402303739499
0.8509851098060608,-0.07909308102635258
0.20912091434001923,-0.4011567679118243
0.4527452886104584,-0.35343617148170375
0.7202720642089844,-0.022453747435573608
0.6795679330825806,0.16937477255521421
0.723772406578064,-0.038619031200990354
0.7422742247581482,-0.11559562423943348
0.6849684715270996,0.14591022656520725
0.6836683750152588,0.15167856618797504
0.10031003504991531,-0.26257347393992786
0.9099910259246826,0.10835646784969828
0.6562656164169312,0.25004065758835786
0.5614561438560486,0.02482344134822792
0.4651465117931366,-0.38214375986542315
0.5313531160354614,-0.17346756405082533
0.14851485192775726,-0.716316280263908
0.7607760429382324,-0.1720010956259589
0.14111411571502686,-0.6876860853475526
0.9303930401802063,0.14167000329858848
0.0709070935845375,0.22427655958289586
0.9806980490684509,0.11949984755828405
0.8042804002761841,-0.19739211210437316
0.7211720943450928,-0.026645888331872432
0.3076307773590088,0.5246898406877294
0.8314831256866455,-0.1411688817586514
0.4101410210132599,-0.09084608476603447
0.5114511251449585,-0.28731015220827827
0.2722272276878357,0.33124839894430874
0.9359936118125916,0.1465001625539829
0.12681268155574799,-0.5871276090158101
0.24622462689876556,0.05322728194486052
0.546454668045044,-0.07436152018097025
0.026802681386470795,0.8646143536890178
0.3580358028411865,0.3624570874417348
0.5349534749984741,-0.15040007844353145
0.7290729284286499,-0.062289218512482064
0.5157516002655029,-0.2652318574196942
0.6601660251617432,0.2394064307342613
0.2821282148361206,0.41056236309588373
0.5807580947875977,0.13969074943213725
0.058905892074108124,0.4274076544441145
0.5955595374107361,0.20922324557061867
0.5254525542259216,-0.20998035525993
0.6661666035652161,0.22057874943137729
0.7656765580177307,-0.18266192464473632
0.872587263584137,-0.0028758565925907334
0.6896689534187317,0.12451558190340573
0.7594759464263916,-0.16885439485091155
0.202820286154747,-0.4696650476682226
0.6818681955337524,0.1595445430220105
0.06770677119493484,0.2792383589163259
0.5763576030731201,0.11551524710946592
0.12321232259273529,-0.5528423115762338
0.5296529531478882,-0.18416985110676407
0.7103710174560547,0.02485010213521461
0.503450334072113,-0.3235663962541376
0.5452545285224915,-0.08238530291254562
0.24322432279586792,0.0167226713407476
0.6319631934165955,0.2828031747585331
0.6119611859321594,0.2608275199758542
0.9158915877342224,0.12042528168787374
0.995399534702301,0.08994307488788958
0.08960895985364914,-0.0939459845823196
0.1611161082983017,-0.7277335404320376
0.6474647521972656,0.2689005243866578
0.7661765813827515,-0.18364144862384515
0.7460746169090271,-0.1291077822174042
0.380638062953949,0.17426231196578215
0.8273827433586121,-0.15237584519044053
0.9451945424079895,0.15026418461204966
0.4701470136642456,-0.38685380925629853
0.39613962173461914,0.03267442708717409
0.5417541265487671,-0.10571977467298765
0.08900890499353409,-0.08407199579556392
0.49994999170303345,-0.33722014294829217
0.7506750822067261,-0.14419661667463965
0.7881788015365601,-0.2061756025765504
0.509550929069519,-0.296516385013744
0.6932693123817444,0.10765022041783978
0.9617961645126343,0.14426082084200198
0.2799279987812042,0.394490367492101
0.05840584263205528,0.43562720405540895
0.32683268189430237,0.5190369916038213
0.3932393193244934,0.059144896585664235
0.12601260840892792,-0.5798078519811195
0.6205620765686035,0.2759162966518899
0.03100310079753399,0.8212900565327754
0.7789778709411621,-0.20168563345191368
0.6458646059036255,0.2715151051452914
0.6206620931625366,0.27604172128569476
0.5882588624954224,0.1773760534889433
0.46684667468070984,-0.38418779448782053
0.4298429787158966,-0.2398020184154622
0.3783378303050995,0.1949190987184255
0.10081008076667786,-0.27004427101105066
0.8354835510253906,-0.12950341736268567
0.218521848320961,-0.2908131038513841
0.36233624815940857,0.3299527889243436
0.7039704322814941,0.05603683020080206
0.4922492206096649,-0.3619677283641758
0.9673967361450195,0.13875313384806182
0.7950794696807861,-0.20493710960826753
0.6125612258911133,0.2621547102069258
0.47564756870269775,-0.38750940972377707
0.5074506998062134,-0.30627278276018755
0.009000900201499462,0.9840356884894407
0.5974597334861755,0.21666094947298487
0.6418641805648804,0.2768959143984749
0.864086389541626,-0.03293419070881599
0.8690869212150574,-0.015188425797890658
0.21172116696834564,-0.3714784621025579
0.29372936487197876,0.4794363663755741
0.6842684149742126,0.14902503445321313
0.09830982983112335,-0.23228460635139903
0.7260726094245911,-0.04902176632974434
0.9985998868942261,0.08262867842305496
0.29252925515174866,0.4735916075070725
0.6061606407165527,0.24591142836557
0.3214321434497833,0.5284255485788183
0.6447644829750061,0.2731608361677989
0.6779677867889404,0.17605583336783603
0.703870415687561,0.05652450904663317
0.5663566589355469,0.05589862460949219
0.06270626932382584,0.36414347858462637
0.8008800745010376,-0.200941626500403
0.5125512480735779,-0.2818221630684522
0.4765476584434509,-0.3871709268265973
0.8143814206123352,-0.18191280502555582
0.9594959616661072,0.14603483534810996
0.1269126981496811,-0.5880304096950643
0.012801280245184898,0.9679590380350948
0.6112611293792725,0.2592275804852714
0.17111711204051971,-0.704311949925787
0.7862786054611206,-0.20582859771096682
0.4235423505306244,-0.1964346392288754
0.5192519426345825,-0.24609514140135105
0.23982398211956024,-0.025248327655800172
0.5434543490409851,-0.0944027200021812
0.6057605743408203,0.24474495513881467
0.9318931698799133,0.14315173200547493
0.11861186474561691,-0.5041300590857073
0.6013601422309875,0.23076694054696253
0.9793979525566101,0.12173109687582363
0.6014600992202759,0.2311076908261482
0.1977197676897049,-0.5209360338567782
0.9887988567352295,0.10411961004973129
0.4247424900531769,-0.20504231431546746
0.7672767043113708,-0.18572485801351007
0.091509148478508,-0.12496201982016521
0.1305130571126938,-0.6187058204015884
0.545554518699646,-0.08038001504898276
0.30493050813674927,0.5191667561250969
0.9521952271461487,0.149690781941845
0.12731273472309113,-0.5916144603003863
0.8055805563926697,-0.19580647206179425
0.2796279788017273,0.39222776317062436
0.13981398940086365,-0.6809819824385255
0.3358335793018341,0.4906839393074195
0.0183018296957016,0.9353496131541624
0.686768651008606,0.13781118842081108
0.5695569515228271,0.07559708354295416
0.8835883736610413,0.03453514628909441
0.9626962542533875,0.14348799164932902
0.6170617341995239,0.27079996499277953
0.6987698674201965,0.0813114328524186
0.4567456841468811,-0.36533672320451777
0.8955895900726318,0.07160003022955604
0.26562657952308655,0.26907709013303255
0.8309831023216248,-0.14257801102823175
0.6857686042785645,0.14232618058408203
0.19611960649490356,-0.5361396398921044
0.6383638381958008,0.2802125443355876
0.8853885531425476,0.04039074303994418
0.9973997473716736,0.0854018720620914
0.12511251866817474,-0.5713674481953357
0.3176317512989044,0.531435309513687
0.7760776281356812,-0.19879629092417397
0.5013501644134521,-0.33193040896117515
0.9705970287322998,0.1348811575021434
0.6539653539657593,0.255677340277787
0.32893291115760803,0.5138090980396047
0.6448644399642944,0.273016379599012
0.8726872801780701,-0.002526103738295124
0.7611761093139648,-0.1729427621078405
0.6275627613067627,0.28191113471910406
0.6887688636779785,0.12867220281409636
0.10511051118373871,-0.33249544742750164
0.4069406986236572,-0.06350390270204431
0.6022602319717407,0.2337954364379035
0.5552555322647095,-0.015685661451071326
0.027202719822525978,0.8607155585035347
0.20422042906284332,-0.4548995866359798
0.4763476252555847,-0.38725688136091263
0.8997899889945984,0.0833009616394532
0.5204520225524902,-0.23931416114151174
0.9509950876235962,0.14999636826526588
0.1086108610033989,-0.3807603034028292
0.8373837471008301,-0.12373395403028907
0.7732773423194885,-0.19533648259258202
0.7515751719474792,-0.14697818607185129
0.6678668260574341,0.21473995974860793
0.4322432279586792,-0.25507971458123835
0.6946694850921631,0.10100191397520035
0.7747774720191956,-0.19727165829383414
0.6772677302360535,0.17893586997158478
0.551855206489563,-0.038267902718157956
0.5117511749267578,-0.2858247165606089
0.6179617643356323,0.2722503908600183
0.4709470868110657,-0.3872422590534194
0.8121812343597412,-0.18588548975673266
0.5969597101211548,0.21473901752491323
0.678467869758606,0.1739824604290592
0.3478347957134247,0.4305283278997143
0.8414841294288635,-0.11083901072202541
0.39243924617767334,0.06646998042604371
0.17481748759746552,-0.688762394959158
0.0732073187828064,0.1846277243038549
0.2553255259990692,0.15963263590629026
0.5458545684814453,-0.078374240152218
0.5873587131500244,0.17310710216967706
0.2662266194820404,0.27500834025250215
0.9398939609527588,0.14872851746488944
0.6455645561218262,0.2719762854643745
0.3113311231136322,0.529692160461007
0.33033302426338196,0.5098457038854363
0.1344134360551834,-0.6478477788829314
0.16901689767837524,-0.7115209576212445
0.7180718183517456,-0.012114573325221326
0.6499649882316589,0.26430090292924974
0.3308330774307251,0.5083386963150787
0.15041504800319672,-0.7210405051032901
0.1806180626153946,-0.6573747059670678
0.8469846844673157,-0.09272755437509102
0.5369536876678467,-0.1373848270246291
0.37913790345191956,0.18775714242013822
0.9520952105522156,0.1497194850799812
0.7329733371734619,-0.07896090880313518
0.5909590721130371,0.1897423178921784
0.6825682520866394,0.15650283802538775
0.7263725996017456,-0.050364436959319164
0.18481847643852234,-0.6296037430925405
0.45124512910842896,-0.34833395593541544
0.243124321103096,0.015496517148479706
0.46604660153388977,-0.38328280913391843
0.8885888457298279,0.05056385848842331
0.5584558248519897,0.005357136808146949
0.014201420359313488,0.9606890132771145
0.8760876059532166,0.009279525149626251
0.9211921095848083,0.12961839645334303
0.5264526605606079,-0.20392342054630364
0.3409340977668762,0.4680376407279993
0.11171117424964905,-0.42140833506237324
0.17561756074428558,-0.6849332545752717
0.04970497265458107,0.5735403516083635
0.8031803369522095,-0.19863584244885654
0.08700869977474213,-0.05090736285489079
0.335733562707901,0.4910821422662951
0.09120912104845047,-0.12009125065339595
0.0721072107553482,0.20359859954955614
0.28052806854248047,0.39896479577329474
0.9943994283676147,0.09217368139885654
0.08860886096954346,-0.07746933897918153
0.959295928478241,0.1461752923188179
0.6587659120559692,0.24337569543933893
0.8100810050964355,-0.1893733603344443
0.15201520919799805,-0.7241865493369022
0.8689869046211243,-0.015541945209013886
0.2746274769306183,0.3520871515656913
0.6700670123100281,0.20687662188038383
0.5775577425956726,0.12224765594091992
0.03140313923358917,0.8168956118880175
0.17991799116134644,-0.6616012167568757
0.03270326927304268,0.8023032576617827
0.5642564296722412,0.04270368284824824
0.42044204473495483,-0.17349209920385758
0.3129312992095947,0.5309396987945049
0.686068594455719,0.14097568337879313
0.9905990362167358,0.10038616956835475
0.3968396782875061,0.02631110095802081
0.5743573904037476,0.10407608191404116
0.6226623058319092,0.2783078320250681
0.19731973111629486,-0.5247784130965795
0.03360335901379585,0.7919275737031
0.27642765641212463,0.36705785916174744
0.7660766243934631,-0.18344716624260698
0.027502750977873802,0.8577594135521085
0.29852986335754395,0.4997643274494373
0.5646564960479736,0.0452320861984315
0.5849584937095642,0.16137641165377983
0.3477347791194916,0.4311246706676788
0.7558755874633789,-0.15946239181521155
0.35583558678627014,0.37827717883768397
0.2809281051158905,0.40190993989313967
0.9113911390304565,0.11138941782623021
0.4861486256122589,-0.37598049331841854
0.6586658954620361,0.24365279327309905
0.3416341543197632,0.4645813133673644
0.030703071504831314,0.8245560054960954
0.3908390998840332,0.08113759278349071
0.03480347990989685,0.7777536507728016
0.08260826021432877,0.02320839894284969
0.9501950144767761,0.15015283146613864
0.4482448399066925,-0.33709698938328697
0.6576657295227051,0.24637601617678181
0.36823683977127075,0.28237798918702756
0.5876587629318237,0.17453809556990973
0.838783860206604,-0.11939630708498625
0.2053205370903015,-0.44310585505777045
0.007100710179656744,0.990029476604907
0.5507550835609436,-0.04560697611421377
0.8514851331710815,-0.07736679515811637
0.7510750889778137,-0.1454399281535042
0.8151814937591553,-0.180389331594085
0.16661666333675385,-0.7182899171718481
0.7861785888671875,-0.20580201111825763
0.9159916043281555,0.12061345410898248
0.5688568949699402,0.07133321455384802
0.14451445639133453,-0.7028595479701633
0.5227522850036621,-0.2260274962011187
0.6982698440551758,0.08372732128847447
0.16951695084571838,-0.7099124996237741
0.2892289161682129,0.4559700450345417
0.1574157476425171,-0.7292149527905634
0.32033205032348633,0.5296065913817103
0.440544068813324,-0.30211963644534684
0.16301630437374115,-0.7254397332516772
0.838083803653717,-0.12157400826679853
0.1881188154220581,-0.6050055063222185
0.8821882009506226,0.029920127276958662
0.6463646292686462,0.27072600601817626
0.08480848371982574,-0.014026110915172462
0.9923992156982422,0.09654989396708265
0.6188619136810303,0.27360755629338723
0.5869587063789368,0.17118674567149286
0.28772878646850586,0.4472189225309835
0.018601860851049423,0.9332634392174826
0.37793779373168945,0.1984900629449365
0.183018296957016,-0.6420040139606675
0.8325832486152649,-0.1380292979040834
0.9241924285888672,0.13410210774533446
0.6378637552261353,0.2805780725371791
0.12341234087944031,-0.5548370642673636
0.6964696645736694,0.09239338770735152
0.39153915643692017,0.07471829862221036
0.04460446164011955,0.6487445555583046
0.08440843969583511,-0.007280462154093977
0.8062806129455566,-0.1949012791117099
0.5402539968490601,-0.1156681455360555
0.24402441084384918,0.026511451691286166
0.3103310465812683,0.5286322012882497
0.8585858345031738,-0.05247782585578453
0.6791679263114929,0.17105755085072163
0.5650565028190613,0.04775355480273394
0.1294129490852356,-0.609712437725822
0.5079507827758789,-0.3039907937005943
0.9016901850700378,0.08834279633934103
0.5067507028579712,-0.30942367530900844
0.344234436750412,0.4510393716368957
0.8451845049858093,-0.09874524946913775
0.7273727655410767,-0.05481504204894691
0.6105610132217407,0.25757227583779174
0.07760775834321976,0.10877719532434653
0.9716971516609192,0.1334336137929399
0.21532154083251953,-0.32926179740602857
0.4920492172241211,-0.3625080982380831
0.5360535979270935,-0.14325725289855104
0.9735973477363586,0.13079706554220963
0.5957595705986023,0.21002325664770063
0.841184139251709,-0.11180166100994593
0.8432843089103699,-0.10500494598074563
0.31833183765411377,0.5311080573825065
0.6792678833007812,0.1706376261064066
0.3199319839477539,0.529973746972286
0.9369937181472778,0.14716052748043437
0.12891289591789246,-0.6055134822599699
0.4581458270549774,-0.36891094938507824
0.6192619204521179,0.27418077722666484
0.8935893774032593,0.06577498095785916
0.7149714827537537,0.002644895539942106
0.984698474407196,0.11221004225188157
0.410641074180603,-0.09505607189952625
0.4126412570476532,-0.11171312718715651
0.8300830125808716,-0.14508547803524854
0.3966396749019623,0.02812795702215853
0.1879187971353531,-0.6065630600495345
0.8496849536895752,-0.0835600937289557
0.9299929738044739,0.14125174860070802
0.6348634958267212,0.2821937986509614
0.3587358891963959,0.3573042769700825
0.7372736930847168,-0.09648774975623771
0.38653865456581116,0.12056858687027557
0.848784863948822,-0.08663330062404531
0.41314131021499634,-0.11582977225556004
0.10361035913228989,-0.31108783552862024
0.06360635906457901,0.3489796610771491
0.6153615713119507,0.2678063199689078
0.41344135999679565,-0.11829028074839718
0.5338534116744995,-0.15750145055462653
0.10831083357334137,-0.3767194038721701
0.08610861003398895,-0.035866663400029405
0.0903090313076973,-0.10541855222716467
0.019101910293102264,0.929717482272276
0.010901089757680893,0.976671887494322
0.445544570684433,-0.3258234179162638
0.1942194253206253,-0.5536039431919536
0.5856585502624512,0.1648491523086744
0.4331433176994324,-0.2606219147121114
0.8541854023933411,-0.06797549619328881
0.2040204107761383,-0.4570259707537489
0.7331733107566833,-0.07979681619200571
0.7317731380462646,-0.07390529074071152
0.7779778242111206,-0.2007692224947284
0.46594658493995667,-0.3831625736204986
0.731373131275177,-0.07220506781713423
0.27752774953842163,0.37592137427053834
0.41454145312309265,-0.12724988321679526
0.23232322931289673,-0.1191760139167477
0.07620762288570404,0.13288600256610547
0.26172617077827454,0.22926430787195387
0.24112410843372345,-0.009136346782626575
0.10941094160079956,-0.39144503725598134
0.6173617243766785,0.2712937948854887
0.7048704624176025,0.051646647751540334
0.9272927045822144,0.138174999978258
0.31353136897087097,0.5312656267477819
0.7787778973579407,-0.2015090842985194
0.5040503740310669,-0.32108429764703383
0.38053804636001587,0.17516445996961644
0.08840884268283844,-0.07416216015212451
0.26542654633522034,0.2670881827868874
0.5921592116355896,0.19502082690194103
0.6187618970870972,0.2734613690789287
0.8085808753967285,-0.19167784303876256
0.6742674112319946,0.1909647011091551
0.7626762390136719,-0.17636178724946308
0.5680568218231201,0.06642848298679299
0.7007700800895691,0.07161740070334212
0.9686968922615051,0.1372418636970913
0.22022202610969543,-0.2700942161735603
0.6107610464096069,0.25805085984847076
0.6417641639709473,0.2770089045367386
0.12621262669563293,-0.5816539805119458
0.8379837870597839,-0.12188367008636353
0.09750974923372269,-0.2199939996569326
0.5831583142280579,0.1522577378205578
0.49254927039146423,-0.36114713315981223
0.09410940855741501,-0.16672504282119574
0.472347229719162,-0.3876810520638808
0.23872387409210205,-0.038934211244087524
0.9728972911834717,0.13178826637054397
0.5021501779556274,-0.3288041053095468
0.43914392590522766,-0.29484233014348027
0.514851450920105,-0.2699891068236916
0.3221322298049927,0.5275436996273976
0.3882388174533844,0.1049888957415022
0.9438943862915039,0.15004602675684872
0.662466287612915,0.23252923890355753
0.5918592214584351,0.19371398299376033
0.27892789244651794,0.3868829502096631
0.09440944343805313,-0.17148914061473314
0.8908891081809998,0.05767090475948039
0.1857185661792755,-0.6231307464022493
0.9080908298492432,0.10407718443212886
0.41084107756614685,-0.09673507412605338
0.8513851165771484,-0.07771240051783633
0.32553255558013916,0.5218357041260434
0.26902690529823303,0.30196505724877065
0.9512951374053955,0.14992793074026695
0.6961696147918701,0.0938324514802384
0.1319131851196289,-0.6296623545034372
0.8882888555526733,0.04962379515221376
0.9880988001823425,0.10554252455246162
0.5162516236305237,-0.26255914785713425
0.5829582810401917,0.15122807643399208
0.7953795194625854,-0.20479564112541757
0.5958595871925354,0.21042176324035308
0.9271926879882812,0.13805259672889927
0.34753474593162537,0.43231289444902155
0.3505350649356842,0.4138762641184818
0.4749475121498108,-0.38768658902472797
0.2477247714996338,0.0712525392440945
0.9490948915481567,0.15030589269154743
0.6615661382675171,0.23527217374104675
0.741374135017395,-0.11226405094796495
0.7586758732795715,-0.16685283371925483
0.5344534516334534,-0.15363333184791822
0.9863986372947693,0.10892790274604938
0.7111711502075195,0.020968741909658768
0.18741874396800995,-0.6104198525716166
0.8516851663589478,-0.07667507231749186
0.5270527005195618,-0.20026162142104303
0.5096509456634521,-0.29604067144823
0.2904290556907654,0.46263891998651646
0.05700569972395897,0.4584947122667845
0.14481447637081146,-0.7040338453335014
0.5964596271514893,0.2127917426199613
0.6242624521255493,0.27978840246754777
0.6347634792327881,0.28223048485518837
0.7874787449836731,-0.20608266996827698
0.9816981554031372,0.11773645307550094
0.3226322531700134,0.5268520740977403
0.9744974374771118,0.12948915717728954
0.3978397846221924,0.017242865824397522
0.4383438527584076,-0.29056117476593607
0.7856785655021667,-0.20565656356967224
0.3539353907108307,0.39146193730033363
0.5682568550109863,0.06765778155170107
0.28272828459739685,0.41478479470405394
0.7658765912055969,-0.18305616694151056
0.4996499717235565,-0.33832321422643435
0.13381338119506836,-0.6436457575988721
0.3262326121330261,0.5203706104743221
0.6386638879776001,0.27998013536454536
0.7951794862747192,-0.20489075413910196
0.06500650197267532,0.3252773674168153
0.29022902250289917,0.46154805578405883
0.2258225828409195,-0.20077265132975194
0.7402740120887756,-0.1081264194407293
0.35213521122932434,0.40352255222324285
0.27302730083465576,0.33830413356933103
0.5496549606323242,-0.05295629109664989
0.44784480333328247,-0.3354956773857361
0.15961596369743347,-0.7288122785207626
0.7066706418991089,0.042864926127379126
0.25842583179473877,0.1939813918741008
0.5441544055938721,-0.08973268074301895
0.319631963968277,0.5302272269884098
0.8523852229118347,-0.07424881750790643
0.7682768106460571,-0.18753311328069924
0.5376538038253784,-0.1328011542205304
0.1258125752210617,-0.5779509653164897
0.5277527570724487,-0.1959642536105154
0.09910991042852402,-0.24447657726054448
0.3504350483417511,0.41451159449280317
0.011301130056381226,0.9749489763808479
0.09190919250249863,-0.1314402702795909
0.25092509388923645,0.10911344867574517
0.9404940605163574,0.148988528868379
0.01650165021419525,0.9472078458361193
0.5263526439666748,-0.20453173305615213
0.4603460431098938,-0.37390424914266646
0.09490948915481567,-0.17940281863722446
0.4594459533691406,-0.37195378551482516
0.5727572441101074,0.0947374408034763
0.3770377039909363,0.2064987908714473
0.2506250739097595,0.10560111044100814
0.5107510685920715,-0.2907427477380014
0.28502851724624634,0.4303206451982183
0.6485648155212402,0.2669532003657345
0.5362536311149597,-0.1419543873680387
0.7442744374275208,-0.12282112282747064
0.4446444809436798,-0.32182499039043955
0.44604459404945374,-0.32799307955934226
0.9513951539993286,0.1499039373270573
0.2505250573158264,0.10442854274956874
0.11141113936901093,-0.4175648660021881
0.8397839665412903,-0.11625544903860358
0.02980297990143299,0.8341985807516346
0.16751675307750702,-0.7159371605855028
0.3347334861755371,0.49496449553384037
0.2735273540019989,0.3426587033859143
0.781978189945221,-0.2039299018129145
0.49884989857673645,-0.34121149022417957
0.9894989728927612,0.10268029554926335
0.5817581415176392,0.1449824598532283
0.43254324793815613,-0.25693860575627225
0.6719672083854675,0.19981947292335
0.878687858581543,0.018173716357403877
0.45504552125930786,-0.36058360931678507
0.857285737991333,-0.05707597253275539
0.7847784757614136,-0.2053421302743184
0.21032103896141052,-0.387550701051777
0.5813581347465515,0.1428751554986023
0.9104910492897034,0.10945149373688014
0.7453745603561401,-0.12668778005547165
0.18371836841106415,-0.6372690965095504
0.7902790307998657,-0.2062111424864796
0.8318831920623779,-0.1400334436523335
0.8723872303962708,-0.0035757462237413695
0.06070607155561447,0.3976060086307526
0.8374837636947632,-0.12342649539456649
0.10931093245744705,-0.39011673676495506
0.6387639045715332,0.27990048814863455
0.6505650281906128,0.26310529813069433
0.8964896202087402,0.07416940934776145
0.44874489307403564,-0.3390647076157923
0.01600160077214241,0.9502993592846801
0.020302031189203262,0.9208581673405285
0.7040704488754272,0.05554912228516768
0.589358925819397,0.18249481378393936
0.4933493435382843,-0.3589002875465
0.29342934489250183,0.4780035551803796
0.7322732210159302,-0.07602008950893854
0.24352435767650604,0.020397771755822983
0.12301230430603027,-0.5508371134254272
0.8675867319107056,-0.02049890843376749
0.30463045835494995,0.5184554176439422
0.9654965400695801,0.14080653887140804
0.841984212398529,-0.10922831615019045
0.766676664352417,-0.18460066984487886
0.6407641172409058,0.278080195225431
0.4251425266265869,-0.20787640293697077
0.5577557682991028,0.0007759076466266923
0.32933294773101807,0.5127154222694023
0.40344035625457764,-0.03289924493503631
0.811281144618988,-0.18741721316109383
0.42904290556907654,-0.23455190387714525
0.4334433376789093,-0.2624462275568455
0.5931593179702759,0.19931477524464147
0.38773876428604126,0.10957356443624285
0.5428543090820312,-0.09840132093818359
0.4753475487232208,-0.38759458479555947
0.4886488616466522,-0.3708625188176271
0.08570857346057892,-0.02916048313775364
0.8233823180198669,-0.16249374239970316
0.8375837802886963,-0.12311866611021215
0.25612562894821167,0.16860180050521775
0.38013800978660583,0.17876961587922696
0.264026403427124,0.2530030916884757
0.9663966298103333,0.13985709659719403
0.4490449130535126,-0.3402272002974262
0.23472347855567932,-0.0890024989987057
0.06490649282932281,0.3269746606367143
0.2781278192996979,0.38066330822044087
0.5652565360069275,0.049011641623963945
0.8543854355812073,-0.06727566583510285
0.8677867650985718,-0.019789963973328547
0.6433643102645874,0.2750741015552751
0.06150615215301514,0.384262231373246
0.8448845148086548,-0.0997401664063894
0.2575257420539856,0.18412396455609664
0.005300530232489109,0.9944266839464462
0.33403339982032776,0.4975735007290892
0.7037703990936279,0.05701215685992326
0.17051705718040466,-0.7064927680535319
0.9060906171798706,0.09937454164867536
0.9352935552597046,0.1460013944396673
0.14931493997573853,-0.718436315119999
0.9963996410369873,0.0876854687780358
0.5632563233375549,0.03635332652304303
0.08030803501605988,0.06243789362632541
0.4953495264053345,-0.3529151608015986
0.6933693289756775,0.10717684515342572
0.7104710340499878,0.024364580238956213
0.09900990128517151,-0.24295807111024434
0.2774277329444885,0.3751246606704849
0.7470747232437134,-0.13250926180884265
0.6419641971588135,0.27678186208406874
0.3513351380825043,0.4087434432604973
0.5478547811508179,-0.0649953241100251
0.8400840163230896,-0.11530652341588288
0.021902190521359444,0.9082899892390867
0.6969696879386902,0.08999142281311609
0.12881287932395935,-0.6046653998833782
0.3163316249847412,0.5317685148741498
0.4678467810153961,-0.3851768896715465
0.26182618737220764,0.23031144522211133
0.3612361252307892,0.3384563570112432
0.004300429951399565,0.9963253580083372
0.8094809651374817,-0.19031406061290146
0.837283730506897,-0.12404104063900877
0.37923792004585266,0.18686009327609243
0.35713571310043335,0.3689986645923845
0.9980998039245605,0.08378843342276301
0.1503150314092636,-0.7208186276661631
0.5556555986404419,-0.013042300327317095
0.9830983281135559,0.11520076539925209
0.34393438696861267,0.452657593034535
0.1892189234495163,-0.5962891174538013
0.9323932528495789,0.14361515092607455
0.52555251121521,-0.20937731271130772
0.1955195516347885,-0.5417251536269116
0.5167516469955444,-0.25986554889029706
0.48144814372062683,-0.3831690573708124
0.6264626383781433,0.28134261869041205
0.15051504969596863,-0.7212594102189437
0.06700669974088669,0.29121022809290076
0.8907890915870667,0.05736568657295764
0.7055705785751343,0.04823134772492556
0.08970896899700165,-0.09558807046235616
0.6178617477416992,0.2720938356900809
0.26662665605545044,0.27893267850003073
0.31933194398880005,0.530461911758376
0.28902891278266907,0.4548297837804523
0.777377724647522,-0.20017898590963115
0.26212620735168457,0.23344480368656167
0.6008601188659668,0.2290473143779959
0.5956595540046692,0.20962375035832687
0.00020002000383101404,0.99999200160384
0.2370237112045288,-0.0601643690141413
0.7914791107177734,-0.20606848859808127
0.1769176870584488,-0.6783643082385236
0.8506850600242615,-0.08012672280744133
0.60256028175354,0.23478574630964072
0.05310530960559845,0.5209136977995591
0.8724872469902039,-0.003225737870548341
0.8649864792823792,-0.02973288548431734
0.78737872838974,-0.20606607285044262
0.8890889286994934,0.05212406779209469
0.31203120946884155,0.5303057737555779
0.9022902250289917,0.08990090358438496
0.07310730963945389,0.18635273034589678
0.3406340777873993,0.46949382178172094
0.23392339050769806,-0.09905437017261785
0.5967596769332886,0.21396314070651137
0.6580657958984375,0.2452971867419424
0.2565256655216217,0.1730596058006453
0.7726773023605347,-0.19450974222512651
0.782078206539154,-0.20399167215268507
0.6713671684265137,0.20207389822511426
0.6995699405670166,0.07743925895316267
0.6942694187164307,0.10290593765272567
0.7794779539108276,-0.2021122761564339
0.8975897431373596,0.07726457695875287
0.12551255524158478,-0.5751455100530132
0.21042104065418243,-0.3864096321955849
0.6734673380851746,0.19408215845930202
0.9778977632522583,0.12421743802618113
0.622462272644043,0.2781019959755266
0.9150915145874023,0.11889989237399086
0.4994499385356903,-0.33905256362836494
0.8969897031784058,0.07558253294814807
0.6839684247970581,0.15035371062149086
0.5057505369186401,-0.3138347392194729
0.5846585035324097,0.1598753841855669
0.4434443414211273,-0.3163089898459207
0.34843483567237854,0.42691922700241014
0.949394941329956,0.1502712962299688
0.531853199005127,-0.17029500951262816
0.38163816928863525,0.1652229628125506
0.5729572772979736,0.09591354881991736
0.8903890252113342,0.05614130844648327
0.7840784192085266,-0.20505071519957402
0.9889988899230957,0.103710036522081
0.16211621463298798,-0.7266548930960143
0.9423942565917969,0.14966651164946765
0.630763053894043,0.2827782272162135
0.9304930567741394,0.14177304735510876
0.8902890086174011,0.05583434299275799
0.10961095988750458,-0.39409534372213634
0.8057805895805359,-0.19555149605344033
0.9481948018074036,0.15037741598502105
0.24632462859153748,0.05443400515102273
0.8289828896522522,-0.148098395153241
0.17881788313388824,-0.6680040243321147
0.025002500042319298,0.8815461982654811
0.9926992654800415,0.09590091517304607
0.6191619038581848,0.2740392014108014
0.9650965332984924,0.1412149692813006
0.019201919436454773,0.9289979786944557
0.08200819790363312,0.03341549571803756
0.9627962708473206,0.1433994210551983
0.5714571475982666,0.0870335907356011
0.7195719480514526,-0.01917763650055557
0.5715571641921997,0.08762977488463398
0.44004401564598083,-0.2995521654439666
0.9290928840637207,0.14027516566186513
0.5388538837432861,-0.12491329414117384
0.4166416823863983,-0.14407147874529036
0.49514952301979065,-0.353537065090698
0.2687268853187561,0.29913501345384397
0.43904390931129456,-0.29431203842404546
0.5860586166381836,0.1668147654556087
0.5981597900390625,0.21930880941319397
0.49274927377700806,-0.36059339509788313
0.6735673546791077,0.19369463243089893
0.26072606444358826,0.218720050572371
0.746674656867981,-0.1311565862279994
0.02380238100886345,0.892266888243975
0.4015401601791382,-0.01602745943232761
0.9262926578521729,0.13692394003123845
0.2977297902107239,0.4967178007526253
0.5712571144104004,0.08583946441185786
0.9856985807418823,0.11029213407021289
0.5473546981811523,-0.06834060378488727
0.09450945258140564,-0.17307454021022217
0.8251824975013733,-0.15804557168892266
0.768176794052124,-0.1873559750756404
0.5097509622573853,-0.29556396420342634
0.6805680394172668,0.16513247514000037
0.5803580284118652,0.13755234814747522
0.3552355170249939,0.3824898586985936
0.9969996809959412,0.08631836477660361
0.3360336124897003,0.48988212642388396
0.8249825239181519,-0.1585484445815936
0.24102410674095154,-0.010373115197139755
0.4507450759410858,-0.34655638941105626
0.8462846279144287,-0.0950773283336185
0.3982398211956024,0.013623584548917055
0.01460146065801382,0.9584809394172256
0.6648664474487305,0.22489839240176634
0.2294229418039322,-0.15564952139995245
0.22532252967357635,-0.2070140583402898
0.3611361086368561,0.33922319728766975
0.5353535413742065,-0.14780729268900775
0.17361736297607422,-0.6941975286554887
0.7915791273117065,-0.2060512775014835
0.76597660779953,-0.18325207219656162
0.011401140131056309,0.9745089292167544
0.8860886096954346,0.042642866018137035
0.5649564862251282,0.047123846007606884
0.9844984412193298,0.11258917870036518
0.04980498179793358,0.5720190204156153
0.7822782397270203,-0.20411269140202773
0.0720072016119957,0.20532261479111857
0.7258725762367249,-0.04812477316268065
0.8843884468078613,0.03714881857614184
0.5730572938919067,0.09650067593572308
0.308930903673172,0.5267850980404947
0.7226722240447998,-0.03357953864544256
0.73067307472229,-0.06921205684712649
0.6508650779724121,0.2624943637899779
0.05960595980286598,0.4158563391573678
0.9092909097671509,0.10680154560584508
0.6095609664916992,0.25511185204771464
0.6053605079650879,0.24356093790567512
0.5164515972137451,-0.26148419762519337
0.1647164672613144,-0.722517271338824
0.8167816400527954,-0.177219203586451
0.6920691728591919,0.11331133341550578
0.2700270116329193,0.31129508862413086
0.8203820586204529,-0.16950577835981842
0.17001700401306152,-0.708236335526246
0.8943894505500793,0.06812375173069292
0.5404540300369263,-0.11434406848908878
0.7219722270965576,-0.030352393879712756
0.7502750158309937,-0.14294207836810482
0.2942294180393219,0.4817822207318218
0.6301630139350891,0.28270452883728237
0.00860085990279913,0.9854120595478318
0.2308230847120285,-0.13804659724407703
0.2677267789840698,0.28959965171865726
0.8216821551322937,-0.16653037866498882
0.7729772925376892,-0.1949268691087055
0.25942593812942505,0.20481884268698985
0.5884588360786438,0.1783148747431609
0.10291029512882233,-0.300956394158386
0.013601359911262989,0.9638923069224169
0.6831682920455933,0.15387802652843313
0.7814781665802002,-0.20360843949733864
0.28542855381965637,0.43291612101716803
0.440944105386734,-0.3041481978645431
0.12001200020313263,-0.5195222674133961
0.47174718976020813,-0.38753049420494745
0.9517951607704163,0.14980206801800208
0.6594659090042114,0.24141194259729157
0.056605659425258636,0.46498650544085257
0.7328733205795288,-0.07854222954010931
0.5430543422698975,-0.0970689337200887
0.39273926615715027,0.06372222030480537
0.6055605411529541,0.24415513656708143
0.7589758634567261,-0.1676092037700564
0.7122712135314941,0.01564356625852824
0.6572657227516174,0.24744079250104292
0.6535653471946716,0.25660792624721945
0.8913891315460205,0.0591916836442716
0.8275827765464783,-0.15184811622981945
0.23302330076694489,-0.1103707494724222
0.3515351712703705,0.40744641425869005
0.2187218815088272,-0.28838526995740976
0.019501950591802597,0.92681891997257
0.7257726192474365,-0.047675717685241294
0.5666566491127014,0.0577670890573766
0.5059505701065063,-0.312961104903479
0.08020801842212677,0.06414932541135643
0.8848884701728821,0.03877334042567221
0.9928992986679077,0.09546677652913069
0.20682068169116974,-0.42676335416890193
0.9082908034324646,0.10453636124041821
0.8744874596595764,0.0037459563886125913
0.06440643966197968,0.3354515493313997
0.9374937415122986,0.14746769229311837
0.5103510618209839,-0.2926829826971539
0.5460546016693115,-0.07703682224186968
0.1637163758277893,-0.7243353604877382
0.012001200579106808,0.9717906141134083
0.2981298267841339,0.4982582269095103
0.5069506764411926,-0.3085286826632663
0.3074307441711426,0.5243349711107248
0.8927892446517944,0.06340181703757244
0.32783278822898865,0.5166556906892863
0.21352136135101318,-0.350521252494415
0.8941894173622131,0.0675388745991762
0.4970497190952301,-0.34742260114173407
0.6195619106292725,0.27459858553338035
0.013401340693235397,0.9649309384829668
0.7731773257255554,-0.19520077994601057
0.5324532389640808,-0.1664738847921958
0.9640964269638062,0.14219924962024355
0.6160615682601929,0.26907916571553675
0.25592559576034546,0.16636615527670987
0.006200619973242283,0.9923848848327975
0.13581357896327972,-0.6572503785631024
0.6725672483444214,0.1975417125698263
0.2467246800661087,0.05925384970417714
0.06790678948163986,0.2758138295634655
0.6797679662704468,0.16853032297708218
0.07410740852355957,0.16910131714504512
0.5307530760765076,-0.17726006317059653
0.762776255607605,-0.1765833900427324
0.3641364276409149,0.31577683767527703
0.04440443962812424,0.6515921290917199
0.8140814304351807,-0.18247336900230807
0.3258325755596161,0.5212198128977124
0.4663466513156891,-0.3836340308463434
0.18731872737407684,-0.6111848209836238
0.6366636753082275,0.28134356808927063
0.25962597131729126,0.2069714517164722
0.17171716690063477,-0.702035061266483
0.29122912883758545,0.46691955443735655
0.284328430891037,0.4257023103496548
0.4027402698993683,-0.026702473247395327
0.5488548874855042,-0.05830567123549693
0.8634863495826721,-0.035068933555828075
0.8037803769111633,-0.19796864520866037
0.923292338848114,0.132812576037037
0.048904892057180405,0.5856497394863656
0.04930493235588074,0.5796087491850764
0.06900690495967865,0.2569505228586329
0.3821382224559784,0.1606918532419074
0.06020602211356163,0.40591604563979716
0.19111911952495575,-0.5806485166896277
0.1014101430773735,-0.2789538562534454
0.6156615614891052,0.26835870420004765
0.19931992888450623,-0.5052977299335492
0.5769577026367188,0.11889405125253444
0.37573757767677307,0.21799890531727967
0.23662365972995758,-0.06517150359620395
0.5283528566360474,-0.19225979705779891
0.437043696641922,-0.28341650532218954
0.6883687973022461,0.130511081581294
0.7011700868606567,0.06967366285702052
0.13611361384391785,-0.6591916768359211
0.8461846113204956,-0.09541203632857193
0.1526152640581131,-0.7251704700794565
0.13271327316761017,-0.6356750866911717
0.8507850766181946,-0.07978235641023328
0.9031903147697449,0.09220676057398661
0.1551155149936676,-0.7281236614596702
0.7769777178764343,-0.19976867260341427
0.9908990859985352,0.0997537790357013
0.13371337950229645,-0.6429354074109433
0.39013901352882385,0.08755896117707417
0.30103009939193726,0.5083973694735207
0.504150390625,-0.3206666909227813
0.882588267326355,0.031243895667746345
0.22502250969409943,-0.21075499473318712
0.6533653736114502,0.2570676197172557
0.5039503574371338,-0.32150078685237343
0.23462346196174622,-0.09025852278598412
0.9282928109169006,0.1393659078303594
0.5485548377037048,-0.06031232806143408
0.2784278392791748,0.3830095139906862
0.511951208114624,-0.2848296988285627
0.7550755143165588,-0.1572424323836289
0.5555555820465088,-0.01370282900464899
0.5599559545516968,0.01512629481539831
0.7630763053894043,-0.17724342726578582
0.015001500025391579,0.9562151021724211
0.28042805194854736,0.3982237745270626
0.5874587297439575,0.17358498580498027
0.2086208611726761,-0.4067774191606889
0.3751375079154968,0.22327753836446612
0.5612561106681824,0.023534947656270705
0.2259225994348526,-0.1995234390544723
0.401740163564682,-0.017810996518570075
0.6113611459732056,0.2594595367886418
0.6058605909347534,0.24503822003480208
0.24242424964904785,0.0068982288843812845
0.803480327129364,-0.19830561316378362
0.385638564825058,0.12880423969335444
0.08590859174728394,-0.03251517462888317
0.8170816898345947,-0.1766067877394937
0.7591758966445923,-0.16810959751386975
0.8097809553146362,-0.18984684550009331
0.732073187828064,-0.07517557787536364
0.8563856482505798,-0.06025087944525846
0.4739474058151245,-0.3878085099650056
0.8594859838485718,-0.0492875472209686
0.44624462723731995,-0.3288505637224149
0.5528552532196045,-0.031607850039574295
0.13641364872455597,-0.6611069303160728
0.17791779339313507,-0.673022878049139
0.9221922159194946,0.13117165064880942
0.4785478711128235,-0.3859756693134756
0.6334633827209473,0.28260577874737275
0.1818181872367859,-0.6498580651572621
0.7799779772758484,-0.20251787553863704
0.49374938011169434,-0.3577451042947359
0.27042704820632935,0.31498204867421475
0.5285528898239136,-0.19102077804079884
0.017501750960946083,0.9407599675306495
0.748174786567688,-0.13617406952662284
0.20932093262672424,-0.3989003959552426
0.8750874996185303,0.0058259506338867294
0.3491349220275879,0.4226419842571771
0.19201920926570892,-0.572987885315623
0.008200820535421371,0.9867275179691303
0.08160816133022308,0.04023126427674282
0.860185980796814,-0.04680307132905854
0.7354735136032104,-0.08926703631510874
0.4396439790725708,-0.2974728895177377
0.9181917905807495,0.12461125937426515
0.5568556785583496,-0.005133221872838179
0.028302829712629318,0.8497431987223816
0.41204121708869934,-0.10674754644498287
0.7480747699737549,-0.13584426648667128
0.06090608984231949,0.39427547184817624
0.2915291488170624,0.46849053455161327
0.18131813406944275,-0.6530313495848686
0.1271127164363861,-0.5898278704318047
0.5924592018127441,0.19631908700778922
0.9595959782600403,0.14596377287149395
0.2994299530982971,0.5030273396672947
0.7109711170196533,0.0219384597635256
0.8613861203193665,-0.04253909282185702
0.7356735467910767,-0.09007779841177956
0.26422643661499023,0.2550324913072471
0.655365526676178,0.2523038022820953
0.4508450925350189,-0.34691496591272625
0.23052304983139038,-0.14181993448926575
0.6502650380134583,0.26370748857406073
0.6260626316070557,0.28110144544937254
0.41954195499420166,-0.16664861246727847
0.556255578994751,-0.009083669662870645
0.48404839634895325,-0.3795902868515669
0.46554654836654663,-0.3826658195234882
0.8147814869880676,-0.18115625589499365
0.41684168577194214,-0.14565340869746643
0.384938508272171,0.13520151749071593
0.9847984910011292,0.11201991427771286
0.8401840329170227,-0.11498954400483731
0.5253525376319885,-0.2105827989840493
0.7884788513183594,-0.2062029923952142
0.55335533618927,-0.028282899572934138
0.24142414331436157,-0.0054288090073573644
0.3554355502128601,0.3810905993146468
0.4691469073295593,-0.3862269849521854
0.44984498620033264,-0.3432604533135924
0.21952195465564728,-0.2786476362625668
0.5045504570007324,-0.3189851312310637
0.2600260078907013,0.21126154458915558
0.15181517601013184,-0.7238348540304085
0.4764476418495178,-0.38721466992836856
0.43144315481185913,-0.250066984439115
0.3366336524486542,0.4874335999336637
0.6065606474876404,0.24706031103966758
0.6582658290863037,0.24475253065900893
0.26332634687423706,0.24585569576716768
0.7337733507156372,-0.08229282307802743
0.563356339931488,0.03699020255471638
0.9168916940689087,0.12228185060088805
0.8789879083633423,0.01919132733618275
0.24342434108257294,0.019173303320919686
0.8277827501296997,-0.1513183806861416
0.6758675575256348,0.1846141734959824
0.6611660718917847,0.2364699857487127
0.452045202255249,-0.3510982539528322
0.5587558746337891,0.007316328461813714
0.35453546047210693,0.38734769983482265
0.5965596437454224,0.21318321815719385
0.5992599129676819,0.22336790831521525
0.8805880546569824,0.024585480026743656
0.5531553030014038,-0.029612439808042533
0.5444544553756714,-0.08772980217292677
0.051705170422792435,0.5428024060577739
0.6110610961914062,0.2587602785989892
0.6864686012268066,0.13916965910292906
0.7960796356201172,-0.20443757784615502
0.1415141522884369,-0.6896486945048242
0.4664466381072998,-0.38374794368778314
0.4456445574760437,-0.3262603115465313
0.2761276066303253,0.36460271098426783
0.48554855585098267,-0.3770766961958767
0.012701270170509815,0.9684508812172142
0.34743475914001465,0.43290476951811113
0.7969796657562256,-0.20391991306681131
0.4310431182384491,-0.2475304850487732
0.24382437765598297,0.02406773080863845
0.37653765082359314,0.21093177795865012
0.6876688003540039,0.1337160142085099
0.5896589756011963,0.18387172619603886
0.584058403968811,0.15685069068248111
0.8842884302139282,0.03682307293616995
0.9770976901054382,0.1255039348063656
0.14731472730636597,-0.7127791041952137
0.4821482300758362,-0.3823035055222706
0.6915691494941711,0.11565905836973767
0.35603561997413635,0.37686307067876157
0.39513951539993286,0.04178441731217846
0.004900489933788776,0.9952330129451015
0.5437543392181396,-0.09240188578868049
0.9897989630699158,0.10205850716486228
0.08870887011289597,-0.07912147511399009
0.26162615418434143,0.2282158343406901
0.051605161279439926,0.5443544821008375
0.31683167815208435,0.5316826945391169
0.29492950439453125,0.48497765680195
0.14241424202919006,-0.6938917736426827
0.013901390135288239,0.9623070206048713
0.19241924583911896,-0.5695323314785731
0.23782378435134888,-0.050162885936320706
0.3197319805622101,0.5301448204600298
0.5131512880325317,-0.2787813034554946
0.011201119981706142,0.9753852990195923
0.45594561100006104,-0.3631562660094803
0.45954596996307373,-0.37217681640615013
0.799780011177063,-0.20190145220063227
0.325032502412796,0.5228220396618933
0.4690469205379486,-0.38615565630745396
0.8115811347961426,-0.18691274994112062
0.7767776846885681,-0.1995584709686374
0.45464545488357544,-0.35939963680460046
0.7084708213806152,0.03409085841847228
0.32773277163505554,0.5169027032546692
0.7542754411697388,-0.15497503995888595
0.6593658924102783,0.241695047186724
0.4068406820297241,-0.06263901837238035
0.4408440887928009,-0.30364318134530277
0.8644864559173584,-0.03151122126978008
0.8588858842849731,-0.051414961811635004
0.7384738326072693,-0.10120405456245812
0.3222322165966034,0.5274094828638071
0.8210821151733398,-0.16791582783650885
0.045104511082172394,0.641590304407779
0.37313732504844666,0.24072758266998964
0.8953895568847656,0.07102461728539992
0.49864986538887024,-0.34192137386128085
0.3663366436958313,0.29803717205882574
0.27632763981819153,0.3662412675456542
0.06580658257007599,0.31167721845569124
0.7678768038749695,-0.1868196393340557
0.7676767706871033,-0.1864579851145924
0.46204620599746704,-0.3772393003156183
0.09990999102592468,-0.2565671114213927
0.038903892040252686,0.7265285293431445
0.34073406457901,0.469010109446315
0.1476147621870041,-0.7137035780153492
0.22402240335941315,-0.22320161725959362
0.23862385749816895,-0.040180535596809716
0.913991391658783,0.11674477858377792
0.09920991957187653,-0.24599349841695056
0.4997499883174896,-0.3379567281420883
0.39223921298980713,0.06830232929645638
0.29722973704338074,0.49474406444873203
0.33863386511802673,0.47881082747183334
0.7885788679122925,-0.20621046600283627
0.8812881112098694,0.02692701100743906
0.47694769501686096,-0.386980653563998
0.1293129324913025,-0.6088781816835757
0.18241824209690094,-0.6459728366458481
0.2873287498950958,0.44480799696127815
0.4173417389392853,-0.1495924584542288
0.25352534651756287,0.1392004483675325
0.913291335105896,0.11533886229321887
0.19071906805038452,-0.5840017954226077
0.004200419876724482,0.996493718641143
0.9491949081420898,0.15029495712960722
0.036803681403398514,0.7532931984361614
0.11511151492595673,-0.46355895134663627
0.7752774953842163,-0.19787483627329974
0.6358635425567627,0.28176577309726414
0.5912591218948364,0.19107469119352394
0.650765061378479,0.2626989781159048
0.7525752782821655,-0.150001316064577
0.41604161262512207,-0.13930434632871294
0.4287428855895996,-0.23256320811625347
0.7775777578353882,-0.20037909639802104
0.6714671850204468,0.2016997973682065
0.017401739954948425,0.9414205631244416
0.1903190314769745,-0.5873230378253904
0.1099109947681427,-0.3980550003057539
0.8114811182022095,-0.18708158559169383
0.3408340811729431,0.4685247148904255
0.1538153886795044,-0.72681847064354
0.22922292351722717,-0.1581626304342902
0.930092990398407,0.14135722369807777
0.13631363213062286,-0.6604714087009127
0.7188718914985657,-0.01588857555503869
0.6627662777900696,0.23160035002286897
0.5260525941848755,-0.20635321043779528
0.6815681457519531,0.16084119410585682
0.9461946487426758,0.1503622674267182
0.06800679862499237,0.2741009341069967
0.9315931797027588,0.14286635613744728
0.9298930168151855,0.1411456661842158
0.3664366602897644,0.2972205784892839
0.1661166101694107,-0.7195000290297124
0.05080508068203926,0.5567144690997811
0.01660166122019291,0.9465789136063212
0.5497549772262573,-0.05228784075875038
0.8299829959869385,-0.14536175408412136
0.10061006247997284,-0.26706094359855037
0.9739974141120911,0.1302203988008172
0.19141913950443268,-0.5781126935454568
0.3494349420070648,0.4207871577314088
0.9633963108062744,0.1428567182530622
0.9750975370407104,0.1285965289441997
0.6444644331932068,0.27358799151425095
0.4990499019622803,-0.34049671706747464
0.25362536311149597,0.140344417140227
0.11041104048490524,-0.40461199117305097
0.38753876090049744,0.11140695666851552
0.7523752450942993,-0.14940241675922467
0.17521752417087555,-0.6868682727999279
0.5310530662536621,-0.17536583243813864
0.7296729683876038,-0.06489833545917949
0.2916291654109955,0.46901003190479423
0.8974897265434265,0.07698528247314662
0.5754575729370117,0.11040072630943748
0.015201520174741745,0.9550605962905351
0.7690768837928772,-0.18892063801793194
0.567956805229187,0.06581306490779237
0.3907390832901001,0.08205483335019478
0.9135913848876953,0.11594466436529535
0.2552255392074585,0.15850654838554573
0.2773277461528778,0.374326127520375
0.6098610162734985,0.25586177568290613
0.3551355302333832,0.3831876141262727
0.3722372353076935,0.24850145822836545
0.9870986938476562,0.10754616624769008
0.05200520157814026,0.5381369048443126
0.8033803701400757,-0.19841643932475758
0.45384538173675537,-0.35695698199978526
0.6778677701950073,0.17646889876893918
0.18221822381019592,-0.6472772388495461
0.40864086151123047,-0.07811254591438943
0.6148614883422852,0.2668627722232501
0.8742874264717102,0.0030513801347778597
0.9472947120666504,0.15040038839254458
0.7741774320602417,-0.1965201867675627
0.03090308979153633,0.8223815615168468
0.772077202796936,-0.19365297255268546
0.8222821950912476,-0.16512429922617078
0.8656865358352661,-0.02724423407045809
0.359935998916626,0.34834235755440945
0.36223623156547546,0.33073095250621853
0.3811381161212921,0.16974660497500624
0.34503450989723206,0.44665447353692816
0.4591459333896637,-0.3712752298500319
0.02050204947590828,0.9193340922342507
0.9840984344482422,0.11334294820385946
0.1135113537311554,-0.4440500036212846
0.9384938478469849,0.14803598648964233
0.2749274969100952,0.35462200359615875
0.3613361418247223,0.3376884698541736
0.030503051355481148,0.8267189915556344
0.18491849303245544,-0.6288934101946446
0.7669767141342163,-0.18516643417604028
0.19881989061832428,-0.5102302701962215
0.32403239607810974,0.5246434377094995
0.2798279821872711,0.3937380415559156
0.4515451490879059,-0.34938209419079996
0.5630562901496887,0.03507837611597038
0.9372937083244324,0.14734666787850165
0.31093108654022217,0.529294084699181
0.49394941329956055,-0.35715961946800534
0.40594059228897095,-0.0548285986901549
0.19871987402439117,-0.5112118527487255
0.7157715559005737,-0.0011828526167258152
0.8874887228012085,0.04710278502466562
0.6613661050796509,0.2358727271636879
0.03830382972955704,0.7342854289957661
0.5634563565254211,0.037626675955054166
0.4307430684566498,-0.24561503329945975
0.33883389830589294,0.47791003849604424
0.31563156843185425,0.5317995014099822
0.9995999336242676,0.08029148467077785
0.27272728085517883,0.33567092976437957
0.6333633661270142,0.28262681036841253
0.989998996257782,0.10164235430804329
0.8751875162124634,0.006172057824269616
0.8302830457687378,-0.14453151801846356
0.6037603616714478,0.2386504017488251
0.3832383155822754,0.15069943076865114
0.8917891979217529,0.06040186791012994
0.4776477813720703,-0.3865888919037033
0.4276427626609802,-0.22517967262662306
0.025302531197667122,0.8787945694360701
0.7895789742469788,-0.2062397316979107
0.9590958952903748,0.14631352195989217
0.7288728952407837,-0.06141610721991221
0.027802780270576477,0.8547759530875925
0.32523253560066223,0.5224335375392083
0.2480248063802719,0.07483746301408607
0.028902890160679817,0.843605171432088
0.608660876750946,0.25280160272553986
0.3075307607650757,0.5245134904142426
0.8123812675476074,-0.18553766549114314
0.759876012802124,-0.16983661519922913
0.6403640508651733,0.2784787539771396
0.5089508891105652,-0.2993496705126552
0.7283728122711182,-0.059225998718487355
0.9717971682548523,0.13329912420978954
0.840283989906311,-0.11467223149380579
0.6121612191200256,0.2612744539932806
0.7754775285720825,-0.19811023606079123
0.027002699673175812,0.8626710777038228
0.6009601354598999,0.2293933530798147
0.45704570412635803,-0.3661285373565301
0.9116911888122559,0.11202586251108489
0.9803980588912964,0.1200209438627653
0.29712972044944763,0.4943428972003817
0.619361937046051,0.27432119991855425
0.8768876791000366,0.012029853901569947
0.42074206471443176,-0.1757554222096523
0.32183218002319336,0.5279340031107945
0.1391139179468155,-0.677166304621632
0.39753976464271545,0.01996041757059238
0.43164315819740295,-0.251327724753453
0.7959796190261841,-0.20449112249734605
0.734473466873169,-0.08518228770214831
0.7448744773864746,-0.124939806330694
0.008300830610096455,0.9864043739272038
0.08730873465538025,-0.05590548714035267
0.9605960845947266,0.14522269009646696
0.7635763883590698,-0.17832755194575267
0.4557455778121948,-0.36259550065077517
0.45004501938819885,-0.34400356176735797
0.46474647521972656,-0.3815963875633448
0.2038203775882721,-0.4591467413216871
0.9694969654083252,0.136269660689478
0.6909691095352173,0.11846722852229376
0.24502450227737427,0.03869364106656465
0.3954395353794098,0.039049182466519235
0.23292329907417297,-0.11162849965816572
0.9124912619590759,0.11369956604550814
0.7044704556465149,0.05359803915578941
0.5042504072189331,-0.32024796879662926
0.9364936351776123,0.14683801704703067
0.4746474623680115,-0.38773939549743575
0.9367936849594116,0.14703336472858056
0.9402940273284912,0.1489043094167221
0.6491649150848389,0.2658401940752751
0.6637663841247559,0.22845215764348548
0.7225722670555115,-0.03311945909878259
0.24012401700019836,-0.02152385672415605
0.5520552396774292,-0.036934899831666895
0.12161216139793396,-0.5365102707286454
0.8695869445800781,-0.013422065925801642
0.6020601987838745,0.23312988904177653
0.6865686178207397,0.13871720870283735
0.10641064494848251,-0.3507043995513986
0.3786378800868988,0.19223642894498652
0.4410441219806671,-0.30465179606648557
0.6859686374664307,0.14142623532711676
0.676067590713501,0.1838098030867051
0.5523552298545837,-0.034936293148898206
0.5996599197387695,0.22481285398954876
0.883388340473175,0.033879011609532286
0.5888588428497314,0.18018169720963093
0.2161216139793396,-0.3197238747632424
0.30083009600639343,0.507756331484528
0.11051104962825775,-0.4059169842418161
0.6654665470123291,0.22292063672092485
0.06920692324638367,0.25351612368679843
0.9957996010780334,0.08904321603940671
0.4956495761871338,-0.35197265804997135
0.6597659587860107,0.24055752132035685
0.8480848073959351,-0.08901184896747538
0.4369437098503113,-0.28285736921911353
0.27652764320373535,0.367872656266613
0.3929392993450165,0.061890931261907506
0.7134713530540466,0.009852418198968576
0.8735873699188232,0.0006156709202824925
0.7530753016471863,-0.15148595731785724
0.7528752684593201,-0.15089426652957186
0.06280627846717834,0.3624616521074366
0.24512451887130737,0.03990841168480581
0.62396240234375,0.2795332823160762
0.7012701034545898,0.0691875128205419
0.3824382424354553,0.1579697976639792
0.8977897763252258,0.07782190290550113
0.2652265131473541,0.2650934085544808
0.9107910990715027,0.11010221598058992
0.37433743476867676,0.2302852334867662
0.21762175858020782,-0.30170420590412517
0.990699052810669,0.1001756888483438
0.9263926148414612,0.13705174564744602
0.3318331837654114,0.5051816168328783
0.6343634128570557,0.2823660790972054
0.2787278890609741,0.38533912594761266
0.4105410575866699,-0.09421549478076946
0.6355635523796082,0.28190584031579474
0.16761676967144012,-0.715661943122636
0.3947394788265228,0.04543414795874046
0.4444444477558136,-0.3209202758676392
0.29362937808036804,0.4789608687538571
0.9005900621414185,0.08544359809563493
0.776677668094635,-0.19945210919135467
0.5722572207450867,0.09178645543322683
0.7441744208335876,-0.12246578560326306
0.2503250241279602,0.10208075094676779
0.8482848405838013,-0.08833334422580898
0.2369236946105957,-0.06141577513942677
0.4967496693134308,-0.34841851017692566
0.5883588194847107,0.17784591369052974
0.22172217071056366,-0.25167024120957604
0.584758460521698,0.16037656904260641
0.22182218730449677,-0.25043767446718246
0.33263325691223145,0.502519731054552
0.6733673214912415,0.19446906304475045
0.35833582282066345,0.3602556140971227
0.9824982285499573,0.11629692460856429
0.36193621158599854,0.33305935802978653
0.7707771062850952,-0.19169387197632742
0.6432642936706543,0.27520293007678603
0.3115311563014984,0.5298782553463922
0.008500849828124046,0.9857466418759809
0.5973597764968872,0.21627859734608793
0.28012800216674805,0.3959893815598093
0.36713671684265137,0.29148048797769455
0.36673668026924133,0.2947656398005213
0.9794979691505432,0.12156195468499939
0.515851616859436,-0.2646990015300946
0.5725572109222412,0.09355887511682183
0.4590459167957306,-0.3710458912113791
0.20192019641399384,-0.4790067616086107
0.7831783294677734,-0.20461569437800667
0.2525252401828766,0.12770564873263035
0.8286828994750977,-0.14891001002196788
0.9206920862197876,0.12881992852065602
0.3212321400642395,0.5286589293540194
0.05190519243478775,0.539693610594619
0.5366536378860474,-0.1393449926939493
0.6762676239013672,0.18300313613698693
0.2895289659500122,0.45766504996039326
0.0244024395942688,0.8869639715236391
0.5930593013763428,0.19888971050690757
0.4714471399784088,-0.3874341348213735
0.9567956924438477,0.14774180908885626
0.34253424406051636,0.4600181824556875
0.693169355392456,0.10812335438317378
0.6720671653747559,0.19944145635948837
0.7410740852355957,-0.11114271392125225
0.6177617311477661,0.2719361292913189
0.7250725030899048,-0.04452205069441179
0.550955057144165,-0.04427173454999691
0.2001200169324875,-0.49732140857877377
0.08850885182619095,-0.07581623191679038
0.08690869063138962,-0.04923957185769075
0.9688968658447266,0.13700180624232342
0.5720571875572205,0.09060181961332045
0.035603560507297516,0.7680931774538956
0.990799069404602,0.09996489168093439
0.5451545119285583,-0.08305361138687152
0.8193819522857666,-0.17172706173157515
0.6438643932342529,0.27441424943615383
0.7704770565032959,-0.19122184820303528
0.12751275300979614,-0.5933901594200367
0.18901890516281128,-0.5978926449261421
0.868686854839325,-0.016602973445944115
0.6568657159805298,0.24849142501175106
0.9623962640762329,0.14375046937124503
0.3563356399536133,0.37473273570149757
0.5787578821182251,0.1288775839357399
0.4958495795726776,-0.3513379126572486
0.15461546182632446,-0.727680662253869
0.2380238026380539,-0.047665407158204075
0.3823382258415222,0.15887742328352886
0.3232323229312897,0.5259544885031048
0.8399839997291565,-0.11562316832550307
0.3306330740451813,0.5089472458473158
0.04920491948723793,0.5811215830397094
0.34993499517440796,0.417667121527757
0.6664666533470154,0.21956383897449389
0.11161116510629654,-0.4201293698375142
0.5637563467025757,0.039533656537265933
0.8774877786636353,0.01408485254393322
0.614661455154419,0.2664773424492264
0.9867987036705017,0.10814046209554953
0.8775877356529236,0.014426683968396685
0.670767068862915,0.2043046073799806
0.9948995113372803,0.09106181589558551
0.7965796589851379,-0.2041579227398331
0.36453646421432495,0.3125843342472217
0.2500250041484833,0.09855248737051361
0.5677567720413208,0.06458070244375988
0.524152398109436,-0.2177644521912839
0.6518651843070984,0.2603951845284886
0.2783278226852417,0.3822292859819038
0.6158615946769714,0.26872122882003047
0.3809380829334259,0.17155386619195032
0.9428942799568176,0.14980825970512412
0.952495276927948,0.14960115094751972
0.8599860072135925,-0.04751316904273394
0.1696169674396515,-0.7095826736936754
0.5685568451881409,0.06949785164377048
0.8367836475372314,-0.12557084510048977
0.593959391117096,0.20268036838403905
0.2052205204963684,-0.4441848122447543
0.17761775851249695,-0.6746514219739311
0.6560655832290649,0.2505498995910076
0.33133313059806824,0.5067839170410339
0.47814780473709106,-0.38626339049338615
0.8538854122161865,-0.06902424818749654
0.6781678199768066,0.17522808776598384
0.15921592712402344,-0.7289901219484333
0.172317236661911,-0.6996626598442179
0.02150215022265911,0.9115121566721766
0.6326632499694824,0.28274257744637254
0.8256825804710388,-0.1567791114396467
0.04900490120053291,0.5841420849219371
0.9133913516998291,0.11554133956230228
0.3483348488807678,0.42752442460012213
0.5102510452270508,-0.2931656035308503
0.518751859664917,-0.24888849681635303
0.3431343138217926,0.4569024303961905
0.9198920130729675,0.12751225541995512
0.7710770964622498,-0.1921584328309251
0.5513551235198975,-0.04160235159462542
0.0025002500042319298,0.9987544074240466
0.35123512148857117,0.409389895153682
0.24092409014701843,-0.011610336918144639
0.3270327150821686,0.5185765550558025
0.5209521055221558,-0.2364574969911103
0.8711870908737183,-0.007785266087771534
0.15521551668643951,-0.7282034229724818
0.9197919964790344,0.12734619818514775
0.8621861934661865,-0.0396940518295316
0.3871387243270874,0.11507276377643134
0.34023404121398926,0.47141179683879575
0.4529452919960022,-0.3540902519212838
0.09790979325771332,-0.22615145607136522
0.26552656292915344,0.26808337151834066
0.18471847474575043,-0.6303118412598113
0.7964796423912048,-0.20421544287389617
0.8240823745727539,-0.1607848077407639
0.714571475982666,0.004563175037719375
0.7299729585647583,-0.0661970693177513
0.5721572041511536,0.09119443837613868
0.05150515213608742,0.5459050012441289
0.8745874762535095,0.0040930144221816445
0.8297829627990723,-0.14591289179653621
0.11021102219820023,-0.4019955867807605
0.32763275504112244,0.5171477466186308
0.7217721939086914,-0.029427570410675598
0.73897385597229,-0.10314548545743064
0.9077907800674438,0.10338460840980884
0.8337833881378174,-0.13454405709943695
0.39963996410369873,0.0009962694434996438
0.01940193958580494,0.9275486932767292
0.4711471199989319,-0.3873237037597336
0.06430643051862717,0.3371449623079297
0.9089909195899963,0.10612738490521462
0.3285328447818756,0.5148716151242445
0.3116311728954315,0.5299680687343122
0.6476647853851318,0.268555485596902
0.3575357496738434,0.3661030247299927
0.9023902416229248,0.09015897285564603
0.432043194770813,-0.25383410584046157
0.999299943447113,0.0809950753970611
0.22072207927703857,-0.2639668047805748
0.4552455246448517,-0.361166240881619
0.7316731214523315,-0.0734809291376882
0.37183719873428345,0.25193978375230136
0.09720972180366516,-0.21536017020358972
0.4579457938671112,-0.3684192023078822
0.07190719246864319,0.20704649832253275
0.901790201663971,0.08860363037665868
0.6155615448951721,0.2681757221564001
0.9430943131446838,0.14986068825250404
0.3896389603614807,0.0921462280509492
0.28032803535461426,0.39748086359718804
0.2566256523132324,0.1741712243376287
0.40254026651382446,-0.024927762578154815
0.6198619604110718,0.27500601316645973
0.0032003200612962246,0.9979613945716238
0.8307830691337585,-0.14313846562565102
0.8831883072853088,0.033221809530120064
0.9818981885910034,0.11737895107452911
0.406340628862381,-0.05830571180663271
0.8948894739151001,0.06957911387327975
0.554055392742157,-0.0236344555104734
0.1697169691324234,-0.7092501419019583
0.2792279124259949,0.38918476411166153
0.2222222238779068,-0.2455023726219061
0.5818581581115723,0.1455073153365255
0.9662966132164001,0.13996466382778716
0.37643763422966003,0.211816921612322
0.38663867115974426,0.11965288476908247
0.6421642303466797,0.27655057445434045
0.9399939775466919,0.14877338476182594
0.8938893675804138,0.06665865680123331
0.6671667098999023,0.21716980494885396
0.7978798151016235,-0.2033381589602381
0.3758375942707062,0.2171172932790706
0.9774977564811707,0.12486416745307961
0.32273226976394653,0.5267075933709452
0.7802780270576477,-0.2027511349205036
0.39233922958374023,0.06738610639834781
0.3904390335083008,0.08480677254137987
0.22772277891635895,-0.17699155456349538
0.6810680627822876,0.162992838560864
0.14011400938034058,-0.682573224862934
0.07390739023685455,0.1725517112994687
0.42664265632629395,-0.21834425468965818
0.9861986041069031,0.10931948327097156
0.7352734804153442,-0.08845419650396623
0.7518751621246338,-0.14789262521093907
0.38513851165771484,0.1333745454093612
0.8631862998008728,-0.0361363517907477
0.2661266028881073,0.2740235131935786
0.6504650115966797,0.2633070014179967
0.979997992515564,0.12070998304675416
0.06740674376487732,0.28437189375010735
0.7105710506439209,0.02387915507407429
0.6360635757446289,0.28166685528351265
0.38413840532302856,0.1425020885739516
0.18151815235614777,-0.6517690933813082
0.9489948749542236,0.15031623128417856
0.983898401260376,0.11371756678902488
0.9201920032501221,0.12800696725809757
0.4653465449810028,-0.38240795336997085
0.8692868947982788,-0.014481630271322363
0.2100210040807724,-0.3909673236607827
0.7711771130561829,-0.19231162667281326
0.167316734790802,-0.7164793306741436
0.2101210206747055,-0.38982955178167966
0.421342134475708,-0.18025488469355438
0.6958695650100708,0.09526986317946141
0.15481548011302948,-0.7278667035966531
0.9550955295562744,0.1486044632353727
0.3323332369327545,0.5035320507064606
0.9583958387374878,0.1467797280966311
0.03550355136394501,0.7693098466276342
0.5184518098831177,-0.2505552561333131
0.14611461758613586,-0.708813380360054
0.7624762654304504,-0.1759161994910277
0.938593864440918,0.14808944043949357
0.32203221321105957,0.5276758594895916
0.09390939027070999,-0.16354245341329732
0.5147514343261719,-0.27051337240573536
0.5923592448234558,0.19588728965008967
0.7883788347244263,-0.20619469081978747
0.17511750757694244,-0.687345644682712
0.9468947052955627,0.15039496582064146
0.7597759962081909,-0.16959222386330783
0.17721772193908691,-0.6767880379019077
0.1196119636297226,-0.5151743073795704
0.18781878054141998,-0.6073386655083638
0.26682668924331665,0.28088581911761595
0.31713172793388367,0.5316057820129697
0.2016201615333557,-0.48209377339505166
0.20052005350589752,-0.4932949897070932
0.827282726764679,-0.15263895405961234
0.3893389403820038,0.09489859832563968
0.9991999268531799,0.08122914639955207
0.3237323760986328,0.5251503458235721
0.44244423508644104,-0.31155244878297744
0.47444745898246765,-0.3877668767354474
0.20782078802585602,-0.4157089152997933
0.5219521522521973,-0.2306907486806544
0.039603959769010544,0.7173703394741937
0.27882787585258484,0.3861119646860364
0.8877887725830078,0.048050557339329156
0.8638863563537598,-0.0336457445215689
0.40724071860313416,-0.06609494372675735
0.5574557781219482,-0.001191505518143877
0.8369836807250977,-0.1249600545335286
0.95079505443573,0.15003903774991417
0.5355535745620728,-0.1465088988050073
0.7233723402023315,-0.03679108774157057
0.9483948349952698,0.15036571095288026
0.6820682287216187,0.15867778071469166
0.15191519260406494,-0.7240121848790153
0.8196820020675659,-0.17106691780322206
0.1378137767314911,-0.6696993294246711
0.5672566890716553,0.06149099852001344
0.10231023281812668,-0.29220261046510065
0.2587258815765381,0.1972455273238174
0.7042704224586487,0.054573627092089114
0.5621562004089355,0.029321800985506224
0.7637763619422913,-0.1787556109322658
0.5008500814437866,-0.33384628321944887
0.2857285737991333,0.4348418431600561
0.8254825472831726,-0.15728727994225772
0.577157735824585,0.120014740353479
0.5842584371566772,0.15786226005615983
0.802780270576477,-0.1990656312734275
0.583258330821991,0.15277134742187676
0.16291628777980804,-0.7255861442510303
0.48884889483451843,-0.37041513550976995
0.45264527201652527,-0.3531068131444941
0.35233524441719055,0.40220375746956993
0.5904590487480164,0.18750297095235174
0.778177797794342,-0.20095923724543974
0.36073607206344604,0.3422800198928558
0.9418941736221313,0.14950949829089039
0.5220521688461304,-0.2301102322492077
0.023402340710163116,0.8957378424519755
0.7755775451660156,-0.19822667724211415
0.3796379566192627,0.1832680487140823
0.41184118390083313,-0.10508624918851006
0.6318631768226624,0.28280731802002546
0.5001500248908997,-0.3364787534236543
0.38003799319267273,0.17967002710968294
0.7809780836105347,-0.2032659525372983
0.38993901014328003,0.08939384337712221
0.5024502277374268,-0.3276125942678107
0.19481948018074036,-0.5481597711880161
0.636163592338562,0.2816157363919651
0.04700469970703125,0.6139569572072447
0.9944994449615479,0.09195186434792457
0.349234938621521,0.42202514881161796
0.6091609001159668,0.25409626097910726
0.2671267092227936,0.283804170071083
0.9800980091094971,0.12053834251922554
0.22242224216461182,-0.24303177265868037
0.11061105877161026,-0.40721983207188733
0.21882188320159912,-0.2871703488883288
0.0818081796169281,0.03682231141954172
0.5571557283401489,-0.0031612380805862202
0.45234525203704834,-0.3521094740765761
0.579357922077179,0.13215307752305513
0.9381937980651855,0.14787194263255257
0.8780878186225891,0.016132899328371416
0.745974600315094,-0.12876402010023832
0.2624262571334839,0.23656600541028022
0.7094709873199463,0.029223837616947336
0.9392939209938049,0.14844643888522463
0.9916991591453552,0.09805363730759038
0.9119911789894104,0.11265751341344442
0.08880887925624847,-0.08077263410228076
0.24372437596321106,0.022844990163751293
0.6056605577468872,0.2444505937365774
0.7064706087112427,0.04384050214155995
0.08170817047357559,0.03852652400531356
0.8934893608093262,0.0654796586683985
0.34143415093421936,0.46557716770226154
0.6352635622024536,0.28203592103153036
0.23412340879440308,-0.09654066336759946
0.9029902815818787,0.09169761979478429
0.31673166155815125,0.5317040978092996
0.18091809749603271,-0.6555275069693359
0.8035803437232971,-0.1981940382598948
0.12641264498233795,-0.5834893299858075
0.5086508989334106,-0.3007527129211971
0.9675967693328857,0.1385262024958829
0.5835583209991455,0.1543072711309987
0.5194519758224487,-0.2449724603930011
0.44494450092315674,-0.3231710517249688
0.4945494532585144,-0.35537175522400205
0.40454044938087463,-0.0425885725538932
0.6503649950027466,0.26350773196320515
0.3702370226383209,0.26558440921863374
0.10351034998893738,-0.3096459086262535
0.9256925582885742,0.13614453830825052
0.5590559244155884,0.009272907261528587
0.12281228601932526,-0.5488214935512225
1.0,0.07935018747853809
0.6811680793762207,0.16256346266412122
0.5141514539718628,-0.2736405575087657
0.005200520157814026,0.9946341130871871
0.9067906737327576,0.10104323032432479
0.8395839929580688,-0.11688637494828179
0.015901589766144753,0.9509070051881354
0.755275547504425,-0.15780188555976732
0.1587158739566803,-0.7291471555823664
0.15891589224338531,-0.7290930540085592
0.9841983914375305,0.11315507101523026
0.9328932762145996,0.1440632968709217
0.693069338798523,0.10859624505997231
0.6596659421920776,0.2408431781862738
0.6174617409706116,0.2714561044491316
0.8098809719085693,-0.18968971257552972
0.3858385980129242,0.12697504531642528
0.981498122215271,0.11809235665615107
0.6691669225692749,0.2101343485032089
0.28282827138900757,0.41548176103840856
0.04360435903072357,0.6629003972504648
0.8274827599525452,-0.15211223216188755
0.8168816566467285,-0.17701569114815002
0.38783878087997437,0.1086567590927355
0.1588158756494522,-0.7291215576298109
0.27802780270576477,0.37987756326048705
0.8981898427009583,0.07893147625664981
0.8561856150627136,-0.06095535074601319
0.568656861782074,0.07011016528781085
0.3965396583080292,0.02903676326240923
0.472747266292572,-0.38775023919559964
0.09730973094701767,-0.216906267651315
0.12381238490343094,-0.558795139255916
0.2951295077800751,0.4858715771120693
0.23422342538833618,-0.09528398227485134
0.6520652174949646,0.2599638408981
0.7310731410980225,-0.07092507360270191
0.6046604514122009,0.24144683676403605
0.21582157909870148,-0.3233067412235216
0.9288929104804993,0.14005148062247813
0.6589658856391907,0.24281891375276177
0.14971497654914856,-0.7194249282339309
0.4545454680919647,-0.3590997491494146
0.6465646624565125,0.27040322776677944
0.42574256658554077,-0.21209406783315438
0.24222423136234283,0.004436827509882077
0.8564856648445129,-0.05989849296680371
0.5185518264770508,-0.25000044677297395
0.5647565126419067,0.04586310935922913
0.035703569650650024,0.7668739230901537
0.5242524147033691,-0.21716940065553905
0.8011801242828369,-0.2006637080497082
0.9240924119949341,0.13396119265680867
0.20922093093395233,-0.4000291563549789
0.5409541130065918,-0.11103055510987925
0.2015201598405838,-0.4831197482480596
0.9059906005859375,0.09913417729661196
0.4044404625892639,-0.04171026619821675
0.018701869994401932,0.9325611366867839
0.6858686208724976,0.14187640171397414
0.36553657054901123,0.3045384529841636
0.34263426065444946,0.4595029603622918
0.7194719314575195,-0.018708549344729083
0.1381138116121292,-0.6714663130566937
0.7468746900558472,-0.1318342492279642
0.04130413010716438,0.6946553216940758
0.5037503838539124,-0.32233040425638954
0.4897489845752716,-0.36833319466460485
0.3336333632469177,0.4990238464821866
0.36063605546951294,0.34304157352022185
0.3175317645072937,0.5314736279670241
0.22412241995334625,-0.2219586510390335
0.9708970785140991,0.13449218823421458
0.7796779870986938,-0.2022770410696321
0.025602560490369797,0.8760146230107819
0.8620861768722534,-0.04004975469390061
0.020002000033855438,0.9231189192897225
0.22352235019207,-0.2294104102788058
0.47434744238853455,-0.38777829840293754
0.17671766877174377,-0.6794026363428272
0.4236423671245575,-0.19715791782480183
0.6729673147201538,0.19601043105252922
0.8450844883918762,-0.09907715252587951
0.7277727723121643,-0.056584272774369025
0.15721572935581207,-0.7291816110184052
0.0024002399295568466,0.9988518900749229
0.33633363246917725,0.4886659245901699
0.10881087929010391,-0.3834439410518898
0.4674467444419861,-0.38480019097899265
0.26942694187164307,0.3057162549401665
0.7582758069038391,-0.16583358153436062
0.33983397483825684,0.47330264873567535
0.35593560338020325,0.37757073848933337
0.9156915545463562,0.12004726613148396
0.28412842750549316,0.4243650328545986
0.23112311959266663,-0.13427281860827556
0.833383321762085,-0.13571265375165822
0.3234323561191559,0.5256389458654609
0.415241539478302,-0.13289921606100805
0.13091309368610382,-0.6218924187427958
0.06950695067644119,0.2483620895352464
0.9859985709190369,0.10970962737474926
0.37523752450942993,0.22239909903665606
0.6337633728981018,0.2825359553143418
0.12271226942539215,-0.5478097829362469
0.19991999864578247,-0.4993251091716828
0.02760276012122631,0.8567679548858709
0.8176817893981934,-0.1753651263387558
0.7664766311645508,-0.18421942127212804
0.5929592847824097,0.19846367999018447
0.2953295409679413,0.48675701173423924
0.3637363910675049,0.3189542273948385
0.390639066696167,0.08297211260192962
0.47784778475761414,-0.3864632508195693
0.5845584869384766,0.1593733591840132
0.9698969721794128,0.13577164104104475
0.4117411673069,-0.10425446968820093
0.7030702829360962,0.06042465763491776
0.11371137201786041,-0.4465207556508151
0.27672767639160156,0.36949685678735394
0.23342333734035492,-0.10534041482237516
0.7706770896911621,-0.19153735954033305
0.09420942515134811,-0.16831438609653004
0.7662765979766846,-0.18383491888790285
0.249024897813797,0.0867360368603018
0.9679967761039734,0.13806624290007793
0.6290628910064697,0.28246303865011335
0.4935493469238281,-0.35832533148595036
0.3935393691062927,0.05640002724548899
0.6956695318222046,0.09622719327817972
0.23842383921146393,-0.04267419307775707
0.011501150205731392,0.9740651607766653
0.18631863594055176,-0.6187162076597953
0.9976997971534729,0.08471187651382726
0.31193119287490845,0.5302245787401716
0.4258425831794739,-0.21279307699677327
0.6705670356750488,0.20504284133452355
0.09020902216434479,-0.10378279230752421
0.2819281816482544,0.40913945548667713
0.3822382390499115,0.15978477638922808
0.8161816000938416,-0.17842706153627896
0.6890689134597778,0.12728956622214224
0.9090908765792847,0.10635262077195258
0.4699470102787018,-0.3867410117505959
0.891889214515686,0.06070351079328059
0.38023802638053894,0.17786884980578407
0.6068606972694397,0.24791040192090427
0.581058144569397,0.14128645094045827
0.35363537073135376,0.3935016429585272
0.3825382590293884,0.15706190326934308
0.8642864227294922,-0.03222267917627936
0.8608860969543457,-0.04431638181968519
0.4810481071472168,-0.3836310058294765
0.19461946189403534,-0.5499818518108838
0.8600860238075256,-0.047158143492363934
0.7136713266372681,0.008889285507337858
0.5335533618927002,-0.15943051696215854
0.3488348722457886,0.4244838136967627
0.16101610660552979,-0.7278256263486372
0.7461745738983154,-0.1294508905285915
0.8473847508430481,-0.091379596084409
0.467746764421463,-0.3850850813253553
0.4959495961666107,-0.35101862223086455
0.5867586731910706,0.17022129621622248
0.8763876557350159,0.010312246230683903
0.4761476218700409,-0.38733670609745324
0.21942193806171417,-0.2798670877230693
0.8003800511360168,-0.2013894716041291
0.5701570510864258,0.07923059153389106
0.5113511085510254,-0.28780339706174024
0.05570556968450546,0.47952147524434646
0.806580662727356,-0.1945024201246488
0.5139514207839966,-0.2746758813571579
0.12071207165718079,-0.5270344018523582
0.7033703327178955,0.058962398509939444
0.7309731245040894,-0.07049749754948147
0.15101510286331177,-0.7223093623502407
0.6769676804542542,0.18016192955929544
0.38293829560279846,0.15342771270019165
0.37323734164237976,0.23986068786486764
0.7957795858383179,-0.20459582114980152
0.3211321234703064,0.5287725172034203
0.36303630471229553,0.32447760746337595
0.1708170771598816,-0.7054144021792367
0.1845184564590454,-0.631721318501803
0.02660266123712063,0.8665453455557545
0.5985598564147949,0.22079930008853196
0.11401139944791794,-0.45020977874481005
0.3162316381931305,0.5317793155732623
0.6207621097564697,0.2761659918124243
0.20462046563625336,-0.45063013179969835
0.37303730845451355,0.24159386119919907
0.19091908633708954,-0.5823291440318719
0.7307730913162231,-0.06964098763930458
0.2660266160964966,0.2730371958098918
0.06560656428337097,0.31508079103089187
0.6660666465759277,0.220915560232742
0.1307130753993988,-0.6203047193304386
0.9429942965507507,0.1498347788915247
0.09980998188257217,-0.25506143685606064
0.7432743310928345,-0.11923944613028205
0.2834283411502838,0.41962274233878943
0.917891800403595,0.12408219457495465
0.5880588293075562,0.17643364172344952
0.12371237576007843,-0.5578095566019485
0.21512150764465332,-0.33163796520445205
0.791979193687439,-0.20597426553941803
0.9695969820022583,0.13614589755170695
0.7189719080924988,-0.016359211216734157
0.8303830623626709,-0.14425383664114866
0.6578657627105713,0.24583835239972587
0.5091509222984314,-0.29840925651315486
0.2186218649148941,-0.28959952332013694
0.11341134458780289,-0.4428112186945397
0.5004500150680542,-0.335357695376376
0.7974797487258911,-0.20360460226010257
0.13031303882598877,-0.6170957385856473
0.8468846678733826,-0.09306395679497939
0.16271626949310303,-0.7258704314822166
0.9281927943229675,0.13924953079089084
0.15221522748470306,-0.7245263810481909
0.9810981154441833,0.11879934067265609
0.03580358251929283,0.7656520894463267
0.013801380060613155,0.9628390898272422
0.02990299090743065,0.833138765045638
0.15561556816101074,-0.7284930364596505
0.5099509954452515,-0.2946075778943636
0.03820382058620453,0.7355698011327948
0.8312830924987793,-0.14173389711708095
0.6948695182800293,0.10004861357686835
0.4857485890388489,-0.37671702920216604
0.31803181767463684,0.5312609458569204
0.1439143866300583,-0.7004307801307152
0.7269726991653442,-0.05303946732638285
0.5673567056655884,0.06210993568404312
0.09460946172475815,-0.1746586136110495
0.23902390897274017,-0.03519731391712334
0.5498549938201904,-0.05161944863830017
0.7073707580566406,0.03945125679343497
0.9230923056602478,0.13251951876411894
0.2721272110939026,0.3303588398396425
0.19321931898593903,-0.5625288072472749
0.7423742413520813,-0.11596276867024362
0.3236323595046997,0.5253152487017602
0.3140313923358917,0.531478261831112
0.416341632604599,-0.14169189312881697
0.8888888955116272,0.05150097521890996
0.3807380795478821,0.1733598278391606
0.9479948282241821,0.15038672338368553
0.6983698606491089,0.08324441920379011
0.8904890418052673,0.05644792661779464
0.9722972512245178,0.13261950136923814
0.4154415428638458,-0.13450567532925145
0.4172417223453522,-0.14880646254433935
0.07960796356201172,0.07442667155947912
0.2416241616010666,-0.002959470944344087
0.7170717120170593,-0.007375800147038631
0.613961398601532,0.26509233660766346
0.07850784808397293,0.09330369725522633
0.706770658493042,0.04237717261923458
0.31583157181739807,0.5318012773320314
0.012301229871809483,0.9703814417162496
0.9457945823669434,0.15033029591180336
0.9246924519538879,0.13479778689383343
0.2172217220067978,-0.3065260924185646
0.21692168712615967,-0.31013470789468206
0.6880688071250916,0.1318866940967774
0.40094009041786194,-0.010666853459142301
0.9296929836273193,0.14093168012211862
0.43404340744018555,-0.2660599112318819
0.09100910276174545,-0.11683840872393207
0.626862645149231,0.28156541490397635
0.7771776914596558,-0.1999755111233027
0.2309231013059616,-0.13678871334141326
0.9658966064453125,0.1403897570521708
0.36343634128570557,0.3213272143046772
0.1257125735282898,-0.577018494274156
0.6591659188270569,0.24225869376539638
0.4458445906639099,-0.32712965914426684
0.6133613586425781,0.2638606814406548
0.11781178414821625,-0.49511714548097113
0.4652465283870697,-0.3822766475911286
0.6218621730804443,0.2774567897140598
0.3650365173816681,0.30857279919491476
0.04420442134141922,0.654431551954803
0.34153416752815247,0.4650800711102209
0.13991399109363556,-0.6815153357132315
0.14571456611156464,-0.7073962717813354
0.7524752616882324,-0.14970222570668723
0.5744574069976807,0.10465432916983776
0.10541053861379623,-0.3367263309004033
0.8998900055885315,0.08357034428246725
0.3275327682495117,0.517390819012961
0.14631463587284088,-0.7095040880017116
0.369937002658844,0.2681226124014757
0.3759376108646393,0.21623516551950184
0.09290929138660431,-0.14755297366011533
0.5511550903320312,-0.0429368526894942
0.646864652633667,0.26991143815929863
0.8412841558456421,-0.11148109474506035
0.18291829526424408,-0.6426712569558406
0.2928292751312256,0.4750811458338221
0.829582929611206,-0.14646213505609754
0.653865396976471,0.2559113833968392
0.4221422076225281,-0.18619696595111698
0.35463547706604004,0.386657517056014
0.5598559379577637,0.014477165821704309
0.8937894105911255,0.06636448105040571
0.7318731546401978,-0.07432918707037041
0.8350834846496582,-0.13070004554074852
0.20112010836601257,-0.4872083766582288
0.09130913019180298,-0.12171597891815394
0.8248825073242188,-0.15879908088756065
0.7265726327896118,-0.05125765217541929
0.32193219661712646,0.5278059610987168
0.26062607765197754,0.21765841765596358
0.32643264532089233,0.5199340328518106
0.49284929037094116,-0.3603145286039084
0.8661866188049316,-0.02546759338209432
0.6564656496047974,0.24952782376661534
0.8129813075065613,-0.1844780881566276
0.0006000599823892117,0.9999280567481579
0.2980298101902008,0.4978763367285333
0.6583658456802368,0.24447889730074454
0.3361336290836334,0.48947852114709994
0.4774477481842041,-0.3867084456441754
0.19431942701339722,-0.552701189990546
0.745274543762207,-0.12633947265240295
0.5499550104141235,-0.050951117385053334
0.1635163575410843,-0.7246650736591107
0.11411140859127045,-0.45143487576039937
0.20412041246891022,-0.4559634779838697
0.6703670024871826,0.20577838411568639
0.7818781733512878,-0.20386729087644936
0.20702069997787476,-0.42456244825674555
0.31343135237693787,0.531216669781652
0.5160515904426575,-0.26363075576794076
0.8331832885742188,-0.13629439944129362
0.5275527238845825,-0.19719480079037688
0.22422242164611816,-0.22071529424858866
0.14741474390029907,-0.7130902383716645
0.8590859174728394,-0.05070606384897703
0.18891888856887817,-0.5986913031357652
0.34353435039520264,0.45479286708749445
0.7593759298324585,-0.1686069024241123
0.7745774388313293,-0.19702451878728236
0.37053704261779785,0.2630396947705943
0.20212021470069885,-0.47694122827445445
0.4020402133464813,-0.020483085310799752
0.8830882906913757,0.032892811234872886
0.8443844318389893,-0.10139301294308833
0.35003501176834106,0.41703884307034433
0.26582658290863037,0.2710601034747665
0.8456845879554749,-0.09708183034536073
0.6888688802719116,0.1282116518525723
0.11301130056381226,-0.43783344747273606
0.555755615234375,-0.012381983650319983
0.7358735799789429,-0.09088647148848313
0.1819181889295578,-0.6492163646459523
0.7538753747940063,-0.1538236900179693
0.9386938810348511,0.14814228077211605
0.43184319138526917,-0.25258343724147
0.9604960680007935,0.14529928264484013
0.41444143652915955,-0.12643948049615378
0.46694669127464294,-0.38429380800688323
0.12361235916614532,-0.5568213479485798
0.5476547479629517,-0.0663334317883221
0.9836983680725098,0.11409066498054833
0.1856185644865036,-0.6238588220820658
0.2282228171825409,-0.17071955779396164
0.8693869113922119,-0.014128356917446665
0.9320932030677795,0.14333893135378123
0.4093409478664398,-0.08407382082701427
0.7061706185340881,0.04530400951404455
0.5200519561767578,-0.24158637784978498
0.6401640176773071,0.2786715871390913
0.9929993152618408,0.09524926433154207
0.3421342074871063,0.46206270064919197
0.9269927144050598,0.1378059866040192
0.03860386088490486,0.7304177995918276
0.854885458946228,-0.06552385636316921
0.16281628608703613,-0.7257297108986609
0.35853585600852966,0.35878222552262556
0.7412741184234619,-0.1118908684767733
0.2714271545410156,0.3240851160464022
0.7171717286109924,-0.007850695074439746
0.8435843586921692,-0.10402326518220173
0.9321932196617126,0.14343161526439066
0.5659565925598145,0.05340072735113341
0.31893190741539,0.5307455342101374
0.9968996644020081,0.08654685593079349
0.43054306507110596,-0.244331869040794
0.09090909361839294,-0.11521030717106072
0.5385538339614868,-0.12688863121780428
0.19961996376514435,-0.5023186694827435
0.18661867082118988,-0.616479484441796
0.1842184215784073,-0.6338186809522044
0.24972496926784515,0.09501643731515008
0.020102011039853096,0.9223687225717533
0.790579080581665,-0.2061865520801623
0.7724772691726685,-0.19422748647866525
0.5054505467414856,-0.3151370774309384
0.5889588594436646,0.18064613986347647
0.400640070438385,-0.007981097249573755
0.9901990294456482,0.1012249086137421
0.27022701501846313,0.3131418111768823
0.34493449330329895,0.44720809255383365
0.03310330957174301,0.7977191261874792
0.7139713764190674,0.007445768676642376
0.8960896134376526,0.07303152219001818
0.9819982051849365,0.11719960285188656
0.7176717519760132,-0.01022181378625103
0.24592459201812744,0.04960295610791349
0.17741774022579193,-0.6757247084111553
0.6628662943840027,0.23128911417675518
0.7596759796142578,-0.16934705624585775
0.7986798882484436,-0.2027675786654035
0.268626868724823,0.2981885116704814
0.914791464805603,0.11831873592453758
0.098909892141819,-0.24143798540717
0.9046904444694519,0.09596487886446499
0.834883451461792,-0.13129594430058342
0.8875887393951416,0.04741902561810948
0.8550854921340942,-0.06482226962803897
0.5806580781936646,0.13915730252528494
0.873387336730957,-8.154266624398266e-05
0.8697869777679443,-0.012716125074935254
0.6574657559394836,0.24691016666441706
0.3052305281162262,0.5198585627482962
0.8637863993644714,-0.034001533734784685
0.5462546348571777,-0.07569924174387126
0.017301730811595917,0.942077656570686
0.4954495429992676,-0.352602277627567
0.4615461528301239,-0.3763058366005372
0.3321332037448883,0.5041975325705746
0.7065706253051758,0.04335270328216766
0.624662458896637,0.2801124286204477
0.674567461013794,0.18978558927994774
0.3372337222099304,0.48492083734500085
0.6048604846000671,0.2420563179550613
0.3311331272125244,0.5074115454013208
0.7416741847991943,-0.11338000409958726
0.7293729782104492,-0.06359570444296313
0.7584758400917053,-0.16634474223546641
0.9377937912940979,0.14764462520859634
0.8811880946159363,0.026593220185076247
0.8160816431045532,-0.17862615854409963
0.4679467976093292,-0.38526712090071297
0.3403340280056,0.4709348394109125
0.0018001800635829568,0.9993536165953241
0.3691369295120239,0.2748585669721364
0.8654865622520447,-0.027955132526730066
0.40964096784591675,-0.08661857558084494
0.3628363013267517,0.32604691626984095
0.8862886428833008,0.043283657572355035
0.2174217402935028,-0.3041166177149478
0.1356135606765747,-0.6559417294342146
0.500249981880188,-0.3361062619408348
0.7391738891601562,-0.1039180957653994
0.6922692060470581,0.11237037341469233
0.5823582410812378,0.1481196800169287
0.9502950310707092,0.15013534838418838
0.5670567154884338,0.060251645557759755
0.3112311363220215,0.5295958779828273
0.01820182055234909,0.9360380793639029
0.36423641443252563,0.31498011981991236
0.8857885599136353,0.04167944022642763
0.18121811747550964,-0.6536589384887306
0.7875787615776062,-0.2060984362819407
0.8497849702835083,-0.08321762053750016
0.491249144077301,-0.3646157496981431
0.5668566823005676,0.05901033630247068
0.8542854189872742,-0.06762564628244598
0.18001800775527954,-0.6610046273851344
0.9251925349235535,0.13547860985848814
0.2429242879152298,0.01304255577286714
0.5482548475265503,-0.06231922178226588
0.6761676073074341,0.18340675575885756
0.9839984178543091,0.11353044709562288
0.9635963439941406,0.14267153431030397
0.19681967794895172,-0.5295427379491662
0.8339834213256836,-0.13395722754579778
0.8141814470291138,-0.18228716854518434
0.7696769833564758,-0.18992669480208188
0.7541754245758057,-0.15468830201010628
0.49874988198280334,-0.3415670441889726
0.9756975769996643,0.12768754495571152
0.4650464951992035,-0.38200929009160567
0.11591159552335739,-0.4730903147759841
0.12131213396787643,-0.5333745970929785
0.7336733341217041,-0.08187805084524431
0.13251325488090515,-0.6341888994667377
0.7512751221656799,-0.14605735456323723
0.7580758333206177,-0.16531935734141964
0.4796479642391205,-0.38505971555811264
0.6796679496765137,0.1689528012269527
0.5808581113815308,0.14022342435067403
0.5943593978881836,0.20433974755904336
0.9283928275108337,0.13948168097553365
0.8144814372062683,-0.1817246439833304
0.14551454782485962,-0.7066698744834644
0.5410541296005249,-0.1103673049619304
0.7129713296890259,0.012262899625530269
0.8892889022827148,0.05274582843802188
0.49624961614608765,-0.3500531015003182
0.28002801537513733,0.3952408149100435
0.16441644728183746,-0.7230923066207258
0.21402139961719513,-0.3446449036669335
0.45364537835121155,-0.3563307815811251
0.4457445740699768,-0.3266957256724074
0.8951895236968994,0.07044760697727577
0.558655858039856,0.0066635515677778935
0.43784379959106445,-0.287840599307686
0.07290729135274887,0.189802569249744
0.4357435703277588,-0.27604250877407766
0.7748774886131287,-0.19739397085556964
0.6716671586036682,0.2009496263321115
0.19361937046051025,-0.5589813830722823
0.37933793663978577,0.18596265558902192
0.3736373782157898,0.23638702016664778
0.22612261772155762,-0.1970241245733727
0.4005400538444519,-0.007085060089103661
0.11101110279560089,-0.41240968411179824
0.9028902649879456,0.0914423457791038
0.5480548143386841,-0.06365724698259266
0.29982998967170715,0.5044216075109885
0.2394239455461502,-0.03021980821475302
0.1185118556022644,-0.5030120294372127
0.20072007179260254,-0.491272345954066
0.01930193044245243,0.9282750476086465
0.561156153678894,0.022890171621479785
0.29012900590896606,0.46099952521265325
0.057805780321359634,0.4454547480629475
0.6219621896743774,0.2775672095150778
0.55255526304245,-0.033604517641684636
0.07710771262645721,0.11738275723985872
0.7839784026145935,-0.20500573366154656
0.23952394723892212,-0.028976361160203985
0.1478147804737091,-0.7143050124921159
0.18461845815181732,-0.6310177009694222
0.910891056060791,0.11031807055585412
0.4274427592754364,-0.2238218912979298
0.37403741478919983,0.2329037892918768
0.46004602313041687,-0.3732683017789885
0.8087809085845947,-0.19137970921246356
0.8710870742797852,-0.008136803242235676
0.6676667928695679,0.21543782196710684
0.6375637650489807,0.2807842653162051
0.8124812245368958,-0.1853627443993921
0.9538953900337219,0.14911328627758558
0.49154916405677795,-0.36383550114568447
0.20732073485851288,-0.42125166993438806
0.47544753551483154,-0.387567732085395
0.18961896002292633,-0.593057331391629
0.8552855253219604,-0.06412020719741618
0.6702669858932495,0.20614514196274805
0.6317631602287292,0.28281033148250667
0.36593660712242126,0.30129485339900636
0.6581658124923706,0.24502529428582043
0.23792380094528198,-0.0489139946269806
0.14471447467803955,-0.7036453833166562
0.0342034213244915,0.7848886192207629
0.5127512812614441,-0.28081222037777187
0.3136313557624817,0.5313124394953833
0.2527252733707428,0.13001252422710302
0.07270727306604385,0.19325213107829067
0.4577457904815674,-0.36792116460925056
0.0976097583770752,-0.2215356230569673
0.8391839265823364,-0.11814411763775844
0.5443544387817383,-0.08839751578658513
0.9034903645515442,0.09296694117258306
0.3516351580619812,0.406795843436572
0.7975797653198242,-0.20353917259650636
0.9787978529930115,0.12273711418376719
0.39403942227363586,0.051828099004191025
0.12991298735141754,-0.6138420937715195
0.9764976501464844,0.1264504180226165
0.13481348752975464,-0.6505917867272598
0.066006600856781,0.3082713828138827
0.58865886926651,0.1792500933422355
0.14921492338180542,-0.7181817248417122
0.9946994781494141,0.09150739417081967
0.4589459002017975,-0.37081497633685356
0.8530852794647217,-0.07181481452809137
0.5154515504837036,-0.2668253274884563
0.23152315616607666,-0.12924066271764098
0.9614961743354797,0.14450866451092778
0.9577957987785339,0.14715745064832023
0.7024702429771423,0.06334786025578737
0.10851085186004639,-0.37941539141056385
0.25242525339126587,0.12655074998903112
0.8968896865844727,0.07530073431055552
0.5374537706375122,-0.134112160457901
0.3198319971561432,0.5300603267304476
0.5751575231552124,0.1086837513577166
0.40084007382392883,-0.00977199735892163
0.5717571973800659,0.08882037440893936
0.6657665967941284,0.2219214915323841
0.9357935786247253,0.1463607250627164
0.8790879249572754,0.01953010805049788
0.006700670346617699,0.9911149231591283
0.7923792600631714,-0.20588420493852783
0.004000400193035603,0.9968186794261611
0.22692269086837769,-0.18701575101094586
0.238123819231987,-0.04641712840183497
0.7341734170913696,-0.08394694761546431
0.9961996078491211,0.08813910163038943
0.49164918065071106,-0.3635727151836162
0.5322532653808594,-0.1677492646201608
0.5773577690124512,0.12113261379200366
0.6232622861862183,0.2788976476518331
0.6963696479797363,0.09287325587696402
0.3447344899177551,0.448310624653018
0.6816681623458862,0.16040944528399495
0.23672367632389069,-0.06391934733758922
0.7981798052787781,-0.20313007062515234
0.8166816830635071,-0.177422088426871
0.2512251138687134,0.11261764890260992
0.9619961977005005,0.1440928724583485
0.2723272442817688,0.3321362775658677
0.5948594808578491,0.2063918557066233
0.9185918569564819,0.12530871587291248
0.9004900455474854,0.08517732787889844
0.11431143432855606,-0.45387817985348794
0.9736973643302917,0.13065359579560323
0.7222722172737122,-0.031737327881210524
0.8292829394340515,-0.1472824253045846
0.9220921993255615,0.1310189543518896
0.4728472828865051,-0.38776364289050397
0.549454927444458,-0.05429335581932548
0.5755575895309448,0.11097171372094859
0.7562756538391113,-0.16055445367759402
0.37893790006637573,0.18955006010176134
0.22202220559120178,-0.24797102025029363
0.5075507164001465,-0.3058184631470612
0.233123317360878,-0.10911306089199135
0.5394539833068848,-0.12095631812305742
0.7439743876457214,-0.12175321595049468
0.8067806959152222,-0.19423289079291492
0.7090709209442139,0.03116982158705112
0.9336933493614197,0.14474852759759949
0.4088408946990967,-0.07981908462803805
0.1967196762561798,-0.530490404630536
0.9363936185836792,0.14677167359616883
0.9796979427337646,0.12122241562610112
0.6757675409317017,0.18501549289914648
0.9586958885192871,0.14658328330510084
0.43654364347457886,-0.2806072882737975
0.699970006942749,0.07550032556685184
0.042304228991270065,0.6809896550476682
0.028002800419926643,0.852771873310835
0.1904190480709076,-0.5864957450976664
0.059505950659513474,0.4175095889404795
0.85798579454422,-0.05460167256006559
0.3917391896247864,0.07288477067075229
0.6142613887786865,0.26569276404998193
0.5661566257476807,0.054650612765586463
0.5778577923774719,0.12391487645404498
0.36183619499206543,0.33383345309229995
0.684568464756012,0.14769259006869645
0.08390839397907257,0.0011673958761678654
0.45964595675468445,-0.37239826969177064
0.7496749758720398,-0.14103935727915348
0.014101410284638405,0.961231978726888
0.25972598791122437,0.20804587127110216
0.6701669692993164,0.20651122179627182
0.7756775617599487,-0.19834227910726662
0.13771377503871918,-0.6691045009864476
0.3674367368221283,0.28900782572804035
0.8770877122879028,0.012715608654395442
0.9895989894866943,0.10247335948840361
0.6362636089324951,0.2815635117051459
0.47414740920066833,-0.38779650051340536
0.3808380961418152,0.17245701133339242
0.11381138116121292,-0.44775271469082384
0.22572258114814758,-0.20202156013884637
0.7865786552429199,-0.20590335571566595
0.17871786653995514,-0.6685714960204487
0.39383938908576965,0.05365642059967794
0.9316931962966919,0.14296209149340622
0.46464645862579346,-0.3814555887104136
0.04590459167957306,0.630040258726625
0.6115611791610718,0.25992005773703103
0.9542954564094543,0.14895293901818948
0.09480948001146317,-0.17782275861772792
0.3700370192527771,0.26727727427661846
0.13361336290836334,-0.6422222007669928
0.63706374168396,0.2811059845837105
0.4628462791442871,-0.3786505716725833
0.6286628246307373,0.28234101483127105
0.5925592184066772,0.19674992656066773
0.5934593677520752,0.20058416166902143
0.6040604114532471,0.23959230377739285
0.04410441219806671,0.6558481906401954
0.6659666299819946,0.22125162194578235
0.16021601855754852,-0.7284586868034455
0.22382238507270813,-0.22568635747409566
0.06390639394521713,0.3439118303153237
0.9820982217788696,0.11701985764920744
0.38303831219673157,0.1525185304963542
0.9395939707756042,0.14859023741821212
0.6144614219665527,0.2660873388641257
0.7985798716545105,-0.20284164206310065
0.9052905440330505,0.09743787202950975
0.6344634294509888,0.282333854290869
0.2501250207424164,0.09972944620987392
0.19581958651542664,-0.5389404220123084
0.10701069980859756,-0.3589975620859085
0.015501550398766994,0.9533019375983763
0.2295229583978653,-0.15439278445468863
0.9801980257034302,0.12036628857689176
0.4578457772731781,-0.36817096960507995
0.10891088843345642,-0.3847826576262395
0.6049605011940002,0.2423594244106694
0.641564130783081,0.2772316947807103
0.2940294146537781,0.48085020989688687
0.07230722904205322,0.20015020172315615
0.4384438395500183,-0.29110116078450265
0.09300930052995682,-0.14915756447750456
0.2909291088581085,0.4653298688466906
0.7845784425735474,-0.20526305568074052
0.6763676404953003,0.1825989460641227
0.8388838768005371,-0.11908378521578368
0.6416641473770142,0.27712083162185225
0.08950895071029663,-0.09230286587578468
0.3247324824333191,0.5233896809742457
0.23262326419353485,-0.1154020697624938
0.7096709609031677,0.028251303827378848
0.9505950808525085,0.15007933979882596
0.7581758499145508,-0.16557685201443187
0.9742974042892456,0.1297830362168829
0.5038503408432007,-0.32191615642541055
0.6450644731521606,0.2727243652257996
0.4136413633823395,-0.11992662092484965
0.9248924851417542,0.1350719010033335
0.17151714861392975,-0.7028046644824759
0.1698169857263565,-0.7089149066606156
0.9690968990325928,0.13675974960483514
0.9549955129623413,0.14865004325827108
0.9971997141838074,0.08586062200537586
0.8224822282791138,-0.16465106500951507
0.3831383287906647,0.15160910194067018
0.6299629807472229,0.2826708702038519
0.3348334729671478,0.49458444978573335
0.9518951773643494,0.14977512846449176
0.09850985556840897,-0.2353419561865144
0.18211820721626282,-0.6479259479767744
0.45714572072029114,-0.3663893376724521
0.05870587006211281,0.43069867633615544
0.9757975935935974,0.12753446938582738
0.5077507495880127,-0.3049067021426634
0.7782778143882751,-0.20105298238544472
0.8323832154273987,-0.13860411572838943
0.9522952437400818,0.14966149163871678
0.9967997074127197,0.08677509224289856
0.5483548641204834,-0.061650235329950114
0.7746774554252625,-0.19714850755195099
0.9280928373336792,0.13913255008112319
0.5514551401138306,-0.04093525040989174
0.9527952671051025,0.1495062450438661
0.887188732624054,0.046152177983100826
0.5553555488586426,-0.015024512127141787
0.35573557019233704,0.3789823884063999
0.13951395452022552,-0.6793642993483299
0.026402641087770462,0.8684640125645557
0.35473546385765076,0.38596606397336275
0.6844684481620789,0.14813715365087024
0.7628762722015381,-0.17680419801943648
0.6788678765296936,0.17231421936330468
0.30693069100379944,0.5234098340695257
0.5025502443313599,-0.32721311939996306
0.8396839499473572,-0.11657108204311667
0.38643863797187805,0.1214841729550096
0.9072906970977783,0.10222020103045625
0.24002400040626526,-0.022764943179505632
0.6274627447128296,0.28186518571423447
0.8484848737716675,-0.08765396930365058
0.3711371123790741,0.25793112964432174
0.024602459743618965,0.8851707571524857
0.15941594541072845,-0.7289069959213487
0.9682968258857727,0.13771595931641617
0.15291529893875122,-0.7256224264074407
0.8223822116851807,-0.16488796457057486
0.09230922907590866,-0.13789975838840582
0.7553755044937134,-0.15808049835500246
0.43644365668296814,-0.2800413924507369
0.06690669059753418,0.2929186257807664
0.3604360520839691,0.34456147402785153
0.5108510851860046,-0.29025526273898233
0.19101910293102264,-0.5814898252784554
0.8344834446907043,-0.13248285701313786
0.5248525142669678,-0.21358594254014238
0.7183718681335449,-0.013531655045015566
0.3958396017551422,0.0354051365667433
0.6957695484161377,0.09574862399305588
0.6026602983474731,0.2351137096986771
0.5643564462661743,0.04333642558065792
0.2696269750595093,0.3075822859522945
0.2591259181499481,0.20158056144485764
0.5906590223312378,0.18840150996807806
0.1781178116798401,-0.6719248094845622
0.6509650945663452,0.2622887815250655
0.3013301491737366,0.5093427184549897
0.7133713364601135,0.010334215395562521
0.2307230681180954,-0.13930443210455556
0.7276727557182312,-0.05614256548523633
0.3690369129180908,0.27569716247498055
0.06870687007904053,0.2620995461743763
0.6011601090431213,0.23008226218935832
0.7071707248687744,0.04042643386325206
0.06120612099766731,0.38927285453170873
0.71677166223526,-0.005949805585680974
0.9205920696258545,0.12865849408131907
0.320032000541687,0.5298850823660415
0.22672267258167267,-0.18951942995136142
0.9781978130340576,0.12372785365642923
0.662966251373291,0.23097707782797813
0.41354134678840637,-0.11910885268889448
0.18981897830963135,-0.5914291376657449
0.9530953168869019,0.14940607397154892
0.8153815269470215,-0.1800019992426439
0.025802580639719963,0.8741456595233444
0.29242923855781555,0.4730909047306143
0.94249427318573,0.1496960819834689
0.4943494498729706,-0.35597293125479956
0.2822282314300537,0.411270928841824
0.6529653072357178,0.2579757558860695
0.33393338322639465,0.4979388583334412
0.3525352478027344,0.4008795846453398
0.45634564757347107,-0.36425902303072527
0.9656965732574463,0.14059918939869218
0.7908790707588196,-0.20615457291323214
0.5329532623291016,-0.16327829631748483
0.5223522186279297,-0.22836456477172148
0.22852285206317902,-0.16695414782486503
0.606360673904419,0.24648807138400713
0.4654465615749359,-0.38253767730948474
0.5000500082969666,-0.3368500477476188
0.6710671186447144,0.20319224104227557
0.932493269443512,0.1437060024316481
0.048404842615127563,0.5931617796611136
0.2211221158504486,-0.25905467305146956
0.5416541695594788,-0.10638420057609586
0.7563756704330444,-0.16082559405341879
0.2555255591869354,0.16188154063621207
0.0007000699988566339,0.9999020910231626
0.36573657393455505,0.3029184278176585
0.6411641240119934,0.2776644908283368
0.9164916276931763,0.12154594152690325
0.4874487519264221,-0.3734292771193112
0.44024401903152466,-0.3005833793736263
0.8916891813278198,0.060099862689419276
0.5546554327011108,-0.01965670446416742
0.5297529697418213,-0.18354406690185707
0.24262426793575287,0.009357551593832544
0.6744674444198608,0.19017923054249042
0.18141815066337585,-0.6524014000612753
0.6822682619094849,0.15780917371213332
0.9625962376594543,0.14357602361152197
0.22742274403572083,-0.18075231653545595
0.10111011564731598,-0.27450667762399006
0.15771576762199402,-0.7292430505622525
0.7264726161956787,-0.050811235511633725
0.10671067237854004,-0.3548598562378354
0.1991199105978012,-0.507275653150246
0.3970397114753723,0.02449527699109013
0.9073907136917114,0.1024540905123509
0.587958812713623,0.1759610932123086
0.8430843353271484,-0.105657955709504
0.4542454183101654,-0.3581907485211855
0.9326932430267334,0.14388587219719548
0.7193719148635864,-0.018239199666900463
0.38673868775367737,0.11873707035990719
0.9415941834449768,0.1494079566927806
0.682368278503418,0.1573741832517619
0.30483049154281616,0.5189318134117871
0.0781078115105629,0.10017796059405853
0.6747674942016602,0.18899650387421643
0.2675267457962036,0.2876739616314476
0.17491748929023743,-0.6882927086812064
0.6222622394561768,0.27789154377878617
0.7946794629096985,-0.20511451279856274
0.27912792563438416,0.3884193522521258
0.6519652009010315,0.26017998993932684
0.5774577856063843,0.1216904897521075
0.6357635855674744,0.28181357073812763
0.4979498088359833,-0.34436724167777044
0.7588759064674377,-0.16735785031391
0.10911091417074203,-0.3874538636441265
0.6526652574539185,0.2586469731722205
0.960796058177948,0.14506785509561346
0.4627462923526764,-0.3784797013474717
0.23242324590682983,-0.1179179993311625
0.6534653306007385,0.25683824068977573
0.897189736366272,0.07614488436266577
0.5055505633354187,-0.31470404935915247
0.26082608103752136,0.2197803842135963
0.9020901918411255,0.08938337711762812
0.22902290523052216,-0.1606752191496831
0.17271727323532104,-0.6980282773078367
0.061006102710962296,0.3926088339989689
0.466646671295166,-0.3839710288261166
0.805180549621582,-0.19630762741669325
0.5413541197776794,-0.10837650860911248
0.03430343046784401,0.7837060916529269
0.46834683418273926,-0.38561228013745874
0.8784878253936768,0.01749426440490222
0.3750375211238861,0.2241554358493126
0.8453845381736755,-0.09808065828651093
0.930793046951294,0.1420785297286357
0.5999599695205688,0.22588561626632897
0.32153216004371643,0.5283057582405429
0.00970096979290247,0.9814810277744713
0.7387738823890686,-0.10237060582466656
0.7665766477584839,-0.1844104525046944
0.5176517963409424,-0.25496542252450755
0.7279728055000305,-0.05746647692897032
0.6165616512298584,0.26995392335203255
0.1537153720855713,-0.7266974063215248
0.3588358759880066,0.356563601226387
0.9442944526672363,0.1501240876393452
0.6985698938369751,0.08227819765562434
0.3648364841938019,0.31018017563072153
0.26572656631469727,0.27006933524480986
0.9826982617378235,0.11593309908396425
0.15171517431735992,-0.7236545563137518
0.5061506032943726,-0.31208316384169416
0.9349935054779053,0.1457784353313078
0.4624462425708771,-0.37795759509540083
0.4272427260875702,-0.22245944072442014
0.36693668365478516,0.2931247518553165
0.6566656827926636,0.24901140920015155
0.5800579786300659,0.13594051181612393
0.20902089774608612,-0.40228322565479613
0.7097709774971008,0.027765158180654313
0.617161750793457,0.27096572496122723
0.057205721735954285,0.45524168471516785
0.9558956027030945,0.14821911961661882
0.4688468873500824,-0.3860082782691913
0.9074907302856445,0.10268747672216919
0.3062306344509125,0.5220235078615115
0.92939293384552,0.1406061507528188
0.6470646858215332,0.2695785093210656
0.716071605682373,-0.002615077744070323
0.6633663177490234,0.22972095880540733
0.8491849303245544,-0.08526947136412878
0.7925792932510376,-0.205834289686502
0.734573483467102,-0.08559305937736862
0.6304630041122437,0.28274648956388865
0.7900789976119995,-0.20622342639461994
0.943994402885437,0.15006645428650142
0.8185818195343018,-0.17346099708897056
0.4479447901248932,-0.3358982628778924
0.4948495030403137,-0.35446024002204957
0.5976597666740417,0.21742259446371517
0.03700369969010353,0.7507910638571501
0.19381938874721527,-0.5571963757000805
0.23522353172302246,-0.08272467486605103
0.7127712965011597,0.013228112827371017
0.17531754076480865,-0.6863883449017432
0.36703670024871826,0.29230304009643876
0.7298729419708252,-0.06576459364885198
0.3652365207672119,0.3069617729582418
0.5201519727706909,-0.24101942683266686
0.7909790873527527,-0.2061422729672406
0.23612362146377563,-0.0714357899350203
0.4260426163673401,-0.21418770133150558
0.5432543158531189,-0.09573605950578767
0.628562867641449,0.28230765349922005
0.4991499185562134,-0.3401375017110314
0.7600759863853455,-0.17032306636218061
0.9462946057319641,0.15036874936679956
0.3737373650074005,0.2355170997012896
0.7520751953125,-0.14849868751540823
0.8559855818748474,-0.06165941017460173
0.8926892876625061,0.0631034827305264
0.9990999102592468,0.08146298606746197
0.5591559410095215,0.009924507930130602
0.11711171269416809,-0.4871029473416559
0.7370737195014954,-0.09569401278891437
0.7937793731689453,-0.2054666262588995
0.8086808919906616,-0.19152912937079897
0.14221422374248505,-0.6929695615924406
0.6782678365707397,0.17481341130583705
0.9443944692611694,0.150142082899532
0.8139814138412476,-0.18265891391447356
0.9350935220718384,0.145853368316048
0.8018801808357239,-0.19998848383662968
0.633963406085968,0.28248380464295747
0.9647964835166931,0.14151578767676645
0.08740874379873276,-0.057569757959613915
0.2297229766845703,-0.1518789710774949
0.26432642340660095,0.25604505469660205
0.7531753182411194,-0.15178071716818783
0.17191720008850098,-0.7012548454192117
0.5347534418106079,-0.15169442667179825
0.593259334564209,0.19973887288970069
0.08400840312242508,-0.0005235453740680077
0.9937993884086609,0.09349866828144665
0.05810581147670746,0.4405459576034011
0.02040204033255577,0.9200978175769845
0.16411641240119934,-0.7236419854564924
0.2014201432466507,-0.48414420070648045
0.32533252239227295,0.5222362688387894
0.7540754079818726,-0.15440083046540146
0.09050904959440231,-0.10868683866511625
0.06310631334781647,0.35741153907108675
0.8420842289924622,-0.10890524833657918
0.7823782563209534,-0.2041719404998551
0.19741974771022797,-0.5238203813542301
0.016201620921492577,0.9490733990524904
0.49984997510910034,-0.3375890370652499
0.12431243062019348,-0.5636835617459185
0.9450945258140564,0.1502510455265386
0.7764776349067688,-0.19923686416310243
0.4713471531867981,-0.38739888863532723
0.08750875294208527,-0.059233132969158046
0.14311431348323822,-0.6970262798315876
0.8738874197006226,0.0016604240923768763
0.6868686676025391,0.1373576224604445
0.46434643864631653,-0.3810236971442523
0.508050799369812,-0.303531289802568
0.5783578157424927,0.12667920112325823
0.9138913750648499,0.11654556841201463
0.7616761922836304,-0.17410217118213522
0.8039804100990295,-0.19774026616853752
0.7955795526504517,-0.20469732875203803
0.9437943696975708,0.15002499074978895
0.2856285572052002,0.43420192836328986
0.18611861765384674,-0.620196473182539
0.2659265995025635,0.2720493914512539
0.3384338319301605,0.47970467333029665
0.9564956426620483,0.1479060471623788
0.9776977896690369,0.12454166972677654
0.8090808987617493,-0.19092721860859022
0.8347834944725037,-0.13159328510735327
0.7462745904922485,-0.12979334392311065
0.6886688470840454,0.12913242324095167
0.47334733605384827,-0.3878073313587081
0.3331333100795746,0.5007950803929746
0.9006900787353516,0.0857094201189951
0.8635863661766052,-0.034713129673151565
0.6404640674591064,0.27838072460831936
0.8346834778785706,-0.13189021839552792
0.9464946389198303,0.15037990162228643
0.706070601940155,0.04579187575428489
0.20962096750736237,-0.3955072714474883
0.2003200352191925,-0.49531135634815654
0.8804880380630493,0.024250035740441992
0.9732973575592041,0.13122467638589125
0.4676467776298523,-0.38499169559847224
0.5017501711845398,-0.33037657861740743
0.7469747066497803,-0.13217208736422184
0.05460546165704727,0.49714575316454424
0.14491449296474457,-0.7044193364213374
0.39863985776901245,0.010009218295876319
0.6900689601898193,0.12265997766402509
0.2610261142253876,0.22189713879366604
0.19001899659633636,-0.5897927868947035
0.3920392096042633,0.0701350513608623
0.2757275700569153,0.3613041764342787
0.6124612092971802,0.2619363487057466
0.6397639513015747,0.27904432839691257
0.18851885199546814,-0.6018651386460824
0.9823982119560242,0.1164782489430954
0.5738573670387268,0.10117517081968026
0.8667866587638855,-0.023336967311425583
0.5890588760375977,0.18110967433628106
0.20972096920013428,-0.39437396543783204
0.9289928674697876,0.14016362583824016
0.5692569017410278,0.07377293847815576
0.04990499094128609,0.5704960100140941
0.5624562501907349,0.031244110507971042
0.08360835909843445,0.0062442246811311095
0.34713470935821533,0.4346714118737397
0.46974697709083557,-0.3866219336387724
0.6280628442764282,0.28212369844998486
0.8883888125419617,0.04993747512929091
0.21712172031402588,-0.30772971556783035
0.9231923222541809,0.1326663420393014
0.5678567886352539,0.06519713730666281
0.9184918403625488,0.12513520636812914
0.03980398178100586,0.7147325352204826
0.20102010667324066,-0.4882266925035224
0.5166516304016113,-0.2604059249372364
0.5871586799621582,0.17214868518199056
0.979297935962677,0.12189981971493044
0.1283128261566162,-0.6003836574501037
0.8390839099884033,-0.1184576891000303
0.24482448399066925,0.03626218200011623
0.42564257979393005,-0.2113939304625965
0.18361836671829224,-0.6379523683066688
0.9596959948539734,0.14589215507533582
0.10191018879413605,-0.28633159602827835
0.5066506862640381,-0.3098695840570917
0.13261325657367706,-0.63493341156601
0.8752875328063965,0.0065180019158710845
0.04750474914908409,0.6065711632540285
0.2810280919075012,0.40264147977365045
0.8632863163948059,-0.035780546037603056
0.16511651873588562,-0.7217112027094916
0.9611961245536804,0.14475160034560686
0.11691169440746307,-0.48479143423283116
0.2528252899646759,0.1311644925319179
0.12061206251382828,-0.5259688152848131
0.6256625652313232,0.28084188120140086
0.7926792502403259,-0.20580811230273852
0.5469546914100647,-0.07101674022195342
0.9383938312530518,0.14798191889092469
0.04310430958867073,0.6699003665076474
0.7700769901275635,-0.19058088812739163
0.0867086723446846,-0.045901403446402665
0.29742974042892456,0.4955399811523746
0.5236523747444153,-0.22073015980007413
0.5093508958816528,-0.29746482190681245
0.543354332447052,-0.09506944655884973
0.05410541221499443,0.5051033182793333
0.5195519924163818,-0.24440998603670283
0.11321131885051727,-0.4403268512543148
0.9837983846664429,0.11390430638372627
0.45014500617980957,-0.3443728303889401
0.635463535785675,0.2819503109963283
0.9333933591842651,0.1444961555860071
0.33903390169143677,0.4770023263620726
0.38883888721466064,0.09948558073786987
0.29622963070869446,0.4906362627168664
0.41554155945777893,-0.13530761793844612
0.3259325921535492,0.5210105105296018
0.6302630305290222,0.2827196523150239
0.6034603118896484,0.2376987722003271
0.7918791770935059,-0.20599474286227926
0.9936993718147278,0.09371850422373286
0.25832584500312805,0.1928909178154711
0.28132814168930054,0.4048246739751096
0.39593958854675293,0.03449467272810391
0.29472947120666504,0.4840752583210487
0.6643664240837097,0.2265253989066802
0.5174517631530762,-0.25606000822413105
0.6841684579849243,0.14946834778845575
0.8298829793930054,-0.14563755910184803
0.35863587260246277,0.3580438195395374
0.9228922724723816,0.13222410579052063
0.798879861831665,-0.20261710861352608
0.2563256323337555,0.1708329613792767
0.26302629709243774,0.2427715483283559
0.31903189420700073,0.530677770260598
0.7778778076171875,-0.2006729529709112
0.7645764350891113,-0.18043579223256295
0.5036503672599792,-0.32274352823919855
0.10801079869270325,-0.37266008232594716
0.4283428490161896,-0.2298948781671687
0.9711971282958984,0.1340988466436668
0.7085708379745483,0.03360386160977315
0.20852085947990417,-0.4078980333622414
0.6345634460449219,0.2823005132612234
0.24522452056407928,0.04112253688913472
0.49664968252182007,-0.3487479590064172
0.20232023298740387,-0.47486971870157657
0.8071807026863098,-0.19368516596102073
0.8987898826599121,0.08058302740251383
0.87188720703125,-0.0053276468502348765
0.7321732044219971,-0.07559806933976311
0.02260226011276245,0.9025240042151892
0.101310133934021,-0.27747316413931117
0.6679667830467224,0.21438994914683018
0.1929192990064621,-0.5651694731400598
0.10431043058633804,-0.3211300614678564
0.5251525044441223,-0.21178587936077542
0.1404140442609787,-0.6841380010811139
0.21792179346084595,-0.29808017065415254
0.06970696896314621,0.24492452482278496
0.1124112457036972,-0.43029934571525286
0.7378737926483154,-0.0988558494880714
0.3895389437675476,0.09306369130356526
0.8217821717262268,-0.16629745798139117
0.5110510587692261,-0.28927739757675924
0.17781777679920197,-0.673568203718338
0.7786778807640076,-0.20141954718723695
0.2634263336658478,0.2468809620292811
0.7187718749046326,-0.015417688033976059
0.754475474357605,-0.15554631165857527
0.7604760527610779,-0.17128662419139565
0.3489348888397217,0.42387131973728887
0.8259825706481934,-0.15601292221718094
0.1037103682756424,-0.3125279416707162
0.609360933303833,0.2546062964822229
0.22562256455421448,-0.20327016036370518
0.8188818693161011,-0.17281530181677532
0.2613261342048645,0.22506243329579356
0.031303130090236664,0.8179984757061464
0.2649264931678772,0.26209030639951025
0.22812281548976898,-0.17197433937998532
0.6741673946380615,0.1913565267872349
0.2979297935962677,0.49749230185498666
0.25472548604011536,0.15285992218936972
0.5512551069259644,-0.04226955323087766
0.5132513046264648,-0.27827128996788225
0.21592159569263458,-0.3221132616025838
0.7080708146095276,0.03603941086828713
0.3137313723564148,0.5313571086947602
0.9079908132553101,0.10384683314779737
0.5850585103034973,0.1618750660833217
0.9865986704826355,0.10853489321144517
0.6445644497871399,0.2734466431114559
0.3967396914958954,0.027219401742984605
0.1428142786026001,-0.6957006867341929
0.8422842025756836,-0.1082581951268019
0.25202521681785583,0.12192151383657883
0.7837783694267273,-0.2049132558814367
0.496949702501297,-0.3477558294152943
0.1855185478925705,-0.6245846931141065
0.8884888291358948,0.05025082994907166
0.5602560043334961,0.01707175137199252
0.9344934225082397,0.14539457343004578
0.98689866065979,0.10794271577058573
0.04480447992682457,0.6458888834154541
0.7703770399093628,-0.1910628499008793
0.12841284275054932,-0.6012455089489289
0.5995599627494812,0.22445317938163056
0.7899789810180664,-0.20622833437454735
0.3727372884750366,0.24418896201263557
0.7353734970092773,-0.08886087541559871
0.03610360994935036,0.7619711720526298
0.6279628276824951,0.28208347559043023
0.5230523347854614,-0.22426765207106447
0.8942894339561462,0.06783150731590676
0.7295729517936707,-0.06446455605577903
0.8891888856887817,0.05243511516157523
0.7534753084182739,-0.1526606438825246
0.6251624822616577,0.28049154411180266
0.5926592350006104,0.197179806968756
0.5149514675140381,-0.2694639711648407
0.24602460861206055,0.050811752868717745
0.002200220013037324,0.9990349817901789
0.20662066340446472,-0.4289591905682189
0.16531653702259064,-0.7212913366792386
0.07020702213048935,0.2363256242140458
0.8490849137306213,-0.08561073909165914
0.27432742714881897,0.3495365731568539
0.13761375844478607,-0.6685067576128215
0.17241723835468292,-0.6992580134987427
0.24682468175888062,0.06045702609406967
0.37543755769729614,0.2206406097718149
0.23252324759960175,-0.11666001627363715
0.04600460082292557,0.6285877061310761
0.5163516402244568,-0.2620220892906129
0.41834184527397156,-0.15740176902075814
0.5526552200317383,-0.03293882641033041
0.40824082493782043,-0.07469164550885604
0.14861486852169037,-0.7165916996111891
0.36783677339553833,0.2856993978602478
0.02820282056927681,0.8507557572665893
0.6579657793045044,0.24556820659104775
0.45584559440612793,-0.36287666516080047
0.4308430850505829,-0.2462547585641046
0.6684668064117432,0.21262916877216165
0.48654866218566895,-0.3752210915373377
0.35373538732528687,0.39282303958473097
0.3868386745452881,0.11782114735019268
0.7003700733184814,0.07355966386169668
0.25812581181526184,0.19070634959306182
0.136813685297966,-0.6636200225295663
0.9469947218894958,0.15039722478764864
0.8197819590568542,-0.17084567655119964
0.05970597267150879,0.41420208744889037
0.43514353036880493,-0.2725628244353225
0.634663462638855,0.2822660565880071
0.8976897597312927,0.07754345075188088
0.6379637718200684,0.2805071523279243
0.47584760189056396,-0.3874449363304917
0.06460645794868469,0.33206273749463394
0.6381638050079346,0.2803620323061252
0.7527753114700317,-0.15059733737990133
0.9697969555854797,0.13589688703175465
0.6023602485656738,0.23412660878884017
0.7954795360565186,-0.20474688460163384
0.7165716886520386,-0.004998069212259295
0.3468346893787384,0.43642451793985454
0.779778003692627,-0.20235816093386444
0.7697769403457642,-0.1900914826329329
0.2990299165248871,0.501598619816235
0.9407941102981567,0.1491102641007128
0.4875487685203552,-0.3732231106249878
0.25442543625831604,0.14945914285487097
0.8595859408378601,-0.048932776328409845
0.534153401851654,-0.15556903100100225
0.15671567618846893,-0.7290470578570651
0.9994999766349792,0.08052624350329844
0.4066406786441803,-0.06090746304683043
0.39883989095687866,0.00820394810307963
0.7031702995300293,0.059937282060646926
0.2160215973854065,-0.32091897108232176
0.06850685179233551,0.2655304296869834
0.7602760195732117,-0.1708064044398492
0.7784778475761414,-0.20123794800289746
0.32433244585990906,0.5241182617175125
0.5844584703445435,0.15887049571032333
0.9219921827316284,0.13086567278295638
0.24612461030483246,0.05201986299999391
0.40834084153175354,-0.07554784058519518
0.28372836112976074,0.42166690467509604
0.3697369694709778,0.2698110814708233
0.7128713130950928,0.012745435195837044
0.6267626285552979,0.28151143788903943
0.49414941668510437,-0.3565688905742044
0.5946594476699829,0.20557397000237554
0.45834583044052124,-0.3693964030065265
0.5784578323364258,0.12722989231003315
0.4040403962135315,-0.03819189119791344
0.22302229702472687,-0.23560866949829437
0.7569757103919983,-0.16243662530848185
0.09350935369729996,-0.15716182702434361
0.2320232093334198,-0.12295019662674823
0.48784878849983215,-0.37259615585291445
0.05210521072149277,0.5365786695337468
0.052205219864845276,0.5350189115063251
0.5345534086227417,-0.15298738271311638
0.9876987934112549,0.10634813001898129
0.3359335958957672,0.4902839332530154
0.13111311197280884,-0.6234689022016762
0.3983398377895355,0.012719523469000692
0.6494649648666382,0.2652703378843877
0.9560956358909607,0.148117048266237
0.17161716520786285,-0.7024211907577387
0.07800780236721039,0.10189726070314713
0.8798879981040955,0.022232558124867487
0.8231823444366455,-0.1629770495128437
0.5607560873031616,0.020307596489895705
0.5978597402572632,0.21818015301063412
0.06510651111602783,0.32357945212922296
0.3747374713420868,0.2267858399587723
0.21962197124958038,-0.2774275581173215
0.841884195804596,-0.10955107621594527
0.03690369054675102,0.7520433850209246
0.988498866558075,0.10473145773309968
0.8005800247192383,-0.20121264042568998
0.4214421510696411,-0.18100124101408172
0.03770377114415169,0.7419551046458195
0.944694459438324,0.1501924235033625
0.22162216901779175,-0.2529022941949449
0.8682868480682373,-0.018018722749727458
0.1613161265850067,-0.7275407495443458
0.6979697942733765,0.08517516892919172
0.7549754977226257,-0.1569615936469547
0.18271827697753906,-0.6439988266121223
0.36323633790016174,0.32290436403889805
0.09620962291955948,-0.19981871252348285
0.299329936504364,0.5026733881992094
0.6606661081314087,0.23794863736090993
0.9672967195510864,0.13886583510670805
0.23762376606464386,-0.05266156057351085
0.8880888223648071,0.04899546422744833
0.03590359166264534,0.7644276824402845
0.38393840193748474,0.14432525297643353
0.8184818625450134,-0.17367501408360203
0.1246124655008316,-0.5665849199990609
0.7504750490188599,-0.14357074699539774
0.8349834680557251,-0.13099819732732007
0.6511651277542114,0.261874718018724
0.508750855922699,-0.3002860456348908
0.36943694949150085,0.2723382120519677
0.15731573104858398,-0.7291997436395562
0.6281628012657166,0.2821627769533581
0.5439543724060059,-0.09106747796358637
0.2567256689071655,0.17528170176898486
0.34233424067497253,0.46104372099749474
0.20372037589550018,-0.4602050095100982
0.9243924617767334,0.13438215962854347
0.07720772176980972,0.1156611793887855
0.5380538105964661,-0.1301759368476103
0.9568957090377808,0.1476859250108406
0.3562356233596802,0.3754440659585042
0.0562056228518486,0.47145891098186377
0.6683667898178101,0.21298274951981871
0.25462546944618225,0.15172738784427106
0.5510550737380981,-0.04360424733987755
0.5330532789230347,-0.16263797655337614
0.9667966961860657,0.1394216710842423
0.4531453251838684,-0.35473814612643
0.1674167364835739,-0.7162096238333322
0.7395739555358887,-0.10545646628350934
0.03650365024805069,0.7570275321933428
0.8016801476478577,-0.20018521699243597
0.9376937747001648,0.14758626138725917
0.43274328112602234,-0.25817149560162617
0.9983998537063599,0.08309330008007992
0.014701470732688904,0.957919886212567
0.16681668162345886,-0.7177864427648859
0.3088308870792389,0.5266369272696361
0.8844884634017944,0.03747428537795426
0.7650765180587769,-0.18145977720404977
0.04070407152175903,0.7027477793440478
0.9584958553314209,0.14671480711660043
0.778877854347229,-0.2015977797261131
0.3456345796585083,0.44329999719738633
0.6186618804931641,0.2733140293124324
0.41824182868003845,-0.1566250232687482
0.3576357662677765,0.3653761715700639
0.3271327018737793,0.5183433637812038
0.49404940009117126,-0.3568649096786052
0.10311031341552734,-0.30386009436150785
0.8872887492179871,0.04646936006584237
0.6230623126029968,0.2787056573536114
0.65926593542099,0.24197729806635337
0.8906890749931335,0.0570601167656311
0.9811981320381165,0.11862319973455018
0.6724672317504883,0.19792294353824552
0.8029803037643433,-0.19885224172102028
0.8052805066108704,-0.1961834401526114
0.0855085551738739,-0.025802640059972896
0.39263927936553955,0.06463803375704512
0.8547854423522949,-0.06587446771667625
0.007800780236721039,0.9879818819585279
0.7088708877563477,0.032143241104236595
0.2247224748134613,-0.2144928312320378
0.8263826370239258,-0.15498404024627382
0.4026402533054352,-0.02581534701493183
0.9949995279312134,0.09083861372464606
0.9571956992149353,0.14751486492938182
0.9295929670333862,0.14082377684689526
0.07140713930130005,0.21566369701352772
0.7451745271682739,-0.1259905204387628
0.07880788296461105,0.0881512727629124
0.22792279720306396,-0.17448333939339059
0.40954095125198364,-0.08577100520560092
0.3897389769554138,0.09122876319940362
0.7944794297218323,-0.20519839621551492
0.7177717685699463,-0.010695353697631242
0.9076907634735107,0.10315273639952466
0.9452944993972778,0.15027671750583904
0.36313632130622864,0.32369147581006114
0.8624862432479858,-0.03862685000284255
0.7297729849815369,-0.06533168184349289
0.6272627115249634,0.2817698492223578
0.04240424185991287,0.6796110321787511
0.03920391947031021,0.7226177841327234
0.31913191080093384,0.5306079111226099
0.0016001600306481123,0.9994891292114566
0.6335633397102356,0.2825836253391548
0.4200420081615448,-0.17046039868398688
0.2672267258167267,0.2847739112537972
0.24442444741725922,0.03139172167548829
0.6697669625282288,0.20796872630793306
0.6164616346359253,0.2697812681842474
0.2601260244846344,0.21233089464450253
0.3493349254131317,0.421406872286718
0.6044604778289795,0.24083300309705116
0.14591459929943085,-0.7081107743786972
0.38043805956840515,0.17606626810686984
0.9845984578132629,0.11239979736221523
0.7394739389419556,-0.10507273319482498
0.48394840955734253,-0.3797462599886965
0.8111811280250549,-0.18758400319190924
0.3835383653640747,0.14796899890175638
0.9313931465148926,0.14267305592048388
0.5683568716049194,0.06827165753163697
0.8748874664306641,0.005133252235769208
0.5827583074569702,0.15019517036983884
0.9748975038528442,0.1288958973310392
0.4724472463130951,-0.38770068581349776
0.8759875893592834,0.008934933206033018
0.5887588858604431,0.1797163478695427
0.2355235517024994,-0.07895999469724979
0.6036603450775146,0.23833427162662335
0.4798479974269867,-0.3848735943707899
0.2442244291305542,0.0289527943615856
0.8645864725112915,-0.031155515969152822
0.4592459201812744,-0.3715029919660095
0.877287745475769,0.013400611653350217
0.0464046411216259,0.6227582322275008
0.016301630064845085,0.9484550924704558
0.9261926412582397,0.13679553547661052
0.9433943629264832,0.14993475879747453
0.8405840396881104,-0.11371830938672906
0.97779780626297,0.1243797702130249
0.947894811630249,0.15039047732282412
0.7380738258361816,-0.0996408094271238
0.6636663675308228,0.22877054134952884
0.024102410301566124,0.8896298523141708
0.20092009007930756,-0.489243462458124
0.6356635689735413,0.28186026002104697
0.30843085050582886,0.5260225790628713
0.6208621263504028,0.27628910819664676
0.09000900387763977,-0.10050806963670238
0.5542554259300232,-0.022307827516384958
0.6007601022720337,0.22870022085932495
0.7638763785362244,-0.1789684402201594
0.6793678998947144,0.17021718688405268
0.8869886994361877,0.04551688033036811
0.7758775949478149,-0.19857096438584612
0.4837483763694763,-0.38005383439639095
0.22932294011116028,-0.15690613841830592
0.6548655033111572,0.2535293093955017
0.7898789644241333,-0.20623241923891725
0.7977797985076904,-0.20340595036522985
0.4481448233127594,-0.33669891987585066
0.5302530527114868,-0.1804079433600205
0.4605460464954376,-0.37432031709217045
0.37163716554641724,0.2536549745875656
0.90719074010849,0.10198580901088171
0.6140614151954651,0.2652936206640643
0.17641764879226685,-0.6809412887231227
0.6598659753799438,0.24027101665595962
0.15491549670696259,-0.7279553026133744
0.3029302954673767,0.514055709090587
0.8653865456581116,-0.028310628017224237
0.6298630237579346,0.28265233427280806
0.6662666201591492,0.22024119118823932
0.6626662611961365,0.23191078380086014
0.20442044734954834,-0.4527676274659723
0.07670766860246658,0.12427119206568703
0.5693569183349609,0.07438152842624215
0.7870787382125854,-0.20601129402814092
0.7795779705047607,-0.20219507948010387
0.15081508457660675,-0.7218982948283292
0.7230722904205322,-0.035416656859975776
0.7857785820960999,-0.20568732242103818
0.33023303747177124,0.5101413510282702
0.4517451822757721,-0.35007317253167825
0.42194220423698425,-0.18471763609144803
0.907890796661377,0.10361597423351461
0.9940994381904602,0.092837448414396
0.32923293113708496,0.512991755820456
0.08190818876028061,0.03511863312388861
0.1403140276670456,-0.6836193512340895
0.13821382820606232,-0.6720494697438111
0.2148214876651764,-0.3351958167460229
0.6928693056106567,0.10954128859103653
0.5671566724777222,0.060871567717676975
0.16381637752056122,-0.7241662575997824
0.5891588926315308,0.18157229913747625
0.742774248123169,-0.11742522831698123
0.06080608069896698,0.3959411990682953
0.6907690763473511,0.11940101042412601
0.03990399092435837,0.7134101343303924
0.7247724533081055,-0.04316506386009619
0.6406641006469727,0.27818144440459525
0.08820882439613342,-0.07085114744892881
0.3565356433391571,0.37330643605198244
0.4285428524017334,-0.231231426659987
0.11791179329156876,-0.4962523195460881
0.5448545217514038,-0.08505813658812093
0.42444244027137756,-0.2029051426147478
0.5218521952629089,-0.23127057441710624
0.39763978123664856,0.019054279637663336
0.21302130818367004,-0.35637427884891987
0.5078507661819458,-0.3044492652297213
0.045604560524225235,0.6343862530249333
0.5582557916641235,0.004049590748008084
0.5175517797470093,-0.2555131169422606
0.19501949846744537,-0.5463303806007809
0.537253737449646,-0.13542206926889722
0.06890688836574554,0.25866721436073953
0.8852885365486145,0.04006783914347797
0.6525652408599854,0.25886882264136335
0.9821982383728027,0.11683971634409007
0.6488648653030396,0.26640115853016294
0.692169189453125,0.1128409850011022
0.1953195333480835,-0.5435726653513061
0.7634763717651367,-0.1781123233195457
0.5636563301086426,0.03889840532683107
0.7154715061187744,0.0002511348239478993
0.8424842357635498,-0.10760992791519873
0.6610661149024963,0.23676737566390696
0.2710271179676056,0.3204636089910174
0.8730872869491577,-0.0011284034893099628
0.3201320171356201,0.5297943341000759
0.4349434971809387,-0.2713923199018116
0.4138413965702057,-0.12155973449152356
0.18841885030269623,-0.6026533781549238
0.8639863729476929,-0.03328996303966239
0.44854485988616943,-0.3382821500841009
0.24942494928836823,0.09147271880527116
0.594759464263916,0.20598340661043835
0.30363035202026367,0.5159432591215385
0.5777577757835388,0.12335985123081862
0.360336035490036,0.34531981397152306
0.08450844883918762,-0.008967946891853212
0.05420542135834694,0.5035145479828271
0.3724372386932373,0.24677838275804695
0.4187418818473816,-0.16049932360115485
0.36793678998947144,0.28487025354265777
0.8899890184402466,0.05491137383787506
0.7967796921730042,-0.20404050262518802
0.8485848903656006,-0.08731395913768408
0.6075607538223267,0.24985526442161202
0.7340734004974365,-0.08353416405267042
0.8225822448730469,-0.16441360171631852
0.7246724367141724,-0.042712025079788794
0.9710971117019653,0.13423044512631033
0.8290829062461853,-0.14782688738504873
0.7137713432312012,0.008407953740720559
0.2964296340942383,0.49147489801957295
0.755975604057312,-0.15973653075325372
0.252925306558609,0.13231547558708814
0.7284728288650513,-0.05966485182885722
0.5772577524185181,0.12057403000859492
0.10481048375368118,-0.3282475068363708
0.7045704126358032,0.053110215308535845
0.19601960480213165,-0.5370750099221293
0.2530252933502197,0.13346546918361954
0.9048904776573181,0.09645781558776123
0.7603760361671448,-0.17104690443182874
0.6524652242660522,0.2590897251847962
0.02370237000286579,0.8931394678217136
0.4917491674423218,-0.36330858031366225
0.6479648351669312,0.2680303940687271
0.11331133544445038,-0.4415701665528374
0.6976697444915771,0.08662168689195057
0.590158998966217,0.186148190318657
0.9057905673980713,0.09865197101422993
0.425942599773407,-0.21349095560916634
0.884088397026062,0.03617074991008199
0.6965696811676025,0.0919133419469937
0.9979997873306274,0.08401966067190032
0.07920791953802109,0.08128608345474604
0.19851985573768616,-0.5131700556337792
0.5656565427780151,0.051522426780278546
0.8739873766899109,0.0020083852180592943
0.7935793399810791,-0.2055360014549596
0.6097609996795654,0.2556129231724523
0.5907590389251709,0.1888493807740664
0.7373737096786499,-0.09688380220200389
0.8128812909126282,-0.18465635626254448
0.2978297770023346,0.49710612296726825
0.8861886262893677,0.04296341180143261
0.9301930069923401,0.14146209129738818
0.672167181968689,0.19906279336524182
0.784278392791748,-0.20513816434815638
0.5524552464485168,-0.034270340758228254
0.8721871972084045,-0.004276138756892946
0.8431843519210815,-0.10533159620741932
0.9008901119232178,0.08623971605239736
0.8603860139846802,-0.046092792917836904
0.717471718788147,-0.009274044717698531
0.3919391930103302,0.07105154326800034
0.3138313889503479,0.5313996350245207
0.9416941404342651,0.14944241528717653
0.9933993220329285,0.09437628609520021
0.5789579153060913,0.12997237437499698
0.40734073519706726,-0.06695740937071618
0.3287328779697418,0.5143442588318455
0.32293230295181274,0.5264124874318448
0.18261826038360596,-0.6446591461166788
0.554855465888977,-0.018332250664427507
0.059305932372808456,0.4208130546711178
0.2725272476673126,0.33390698185255685
0.4137413799762726,-0.12074358250725885
0.05600560083985329,0.4746877041157698
0.7406740784645081,-0.10963928164303412
0.8806880712509155,0.024920691839549265
0.8386838436126709,-0.11970847630696368
0.02430243045091629,0.8878557954004381
0.7268726825714111,-0.05259459452067964
0.5435543656349182,-0.09373588254759248
0.44374439120292664,-0.31770768602901855
0.9684968590736389,0.13747991652669356
0.8106810450553894,-0.18840767825899604
0.04050404950976372,0.7054271386257909
0.1442144215106964,-0.7016585225126453
0.026102609932422638,0.8713188152569631
0.4406440556049347,-0.3026288991733008
0.7633763551712036,-0.1778962959920021
0.9533953666687012,0.14930064764898324
0.16891689598560333,-0.7118344982829257
0.9866986870765686,0.10833785488622673
0.17251725494861603,-0.6988507325043115
0.8994899392127991,0.08249017105090448
0.4930493235588074,-0.35975280892781164
0.596259593963623,0.21200576883277783
0.24962496757507324,0.09383604402190819
0.9014901518821716,0.08781975573621892
0.6904690265655518,0.12079949609320736
0.6106610298156738,0.25781213132638364
0.8200820088386536,-0.17017838869075397
0.034003399312496185,0.7872456673321182
0.24082408845424652,-0.012848007177118833
0.1601160168647766,-0.7285248439665747
0.9864986538887024,0.10873157614107833
0.8359836339950562,-0.1279986866671735
0.5782577991485596,0.12612778279685943
0.4576457738876343,-0.36766978769077063
0.7971796989440918,-0.2037961585279103
0.3725372552871704,0.24591587980873322
0.25562557578086853,0.1630043497240127
0.2785278558731079,0.3837878982368819
0.15231522917747498,-0.7246918493145877
0.7717771530151367,-0.19321334260493558
0.25072506070137024,0.10677278687785975
0.2831283211708069,0.41756101006983654
0.10121012479066849,-0.2759907695129501
0.528052806854248,-0.19411440804815291
0.4895489513874054,-0.3688055346324617
0.17661766707897186,-0.6799180355063381
0.4551455080509186,-0.36087570511457573
0.712171196937561,0.016127056852279473
0.6549655199050903,0.25328603658955917
0.40374037623405457,-0.03554779572244492
0.8270826935768127,-0.15316365430392656
0.014801479876041412,0.957355226467712
0.028502849861979485,0.8477091068329287
0.7800779938697815,-0.20259647031367692
0.9651964902877808,0.14111364679351093
0.03630363196134567,0.7595044394281582
0.5367536544799805,-0.13869189669789242
0.994599461555481,0.09172976827198048
0.8410841226577759,-0.11212190823070503
0.9453945159912109,0.1502886444002138
0.4725472629070282,-0.3877187612170364
0.7271727323532104,-0.053928041227583504
0.6770676970481873,0.17975379806301392
0.4443444311618805,-0.3204657201753349
0.7446744441986084,-0.12423612715194715
0.023602360859513283,0.8940088232258251
0.7709770798683167,-0.19200440891089504
0.958595871925354,0.1466493253573763
0.2562256157398224,0.16971794349498293
0.7123712301254272,0.015160206460907367
0.8536853790283203,-0.06972273688155899
0.9602960348129272,0.14545081520481268
0.5519552230834961,-0.037601343177122326
0.9613961577415466,0.14459018916383679
0.30833083391189575,0.5258635744685473
0.29592958092689514,0.48936232842732547
0.21022102236747742,-0.38869067591330936
0.06320632249116898,0.3557266469908845
0.6813681125640869,0.1617032775567369
0.24932493269443512,0.09028979566055725
0.2665266692638397,0.27795384609213036
0.849484920501709,-0.08424444679172473
0.8425842523574829,-0.10728534260173252
0.9266926646232605,0.13743156616214347
0.4211421310901642,-0.17875911533272815
0.38743874430656433,0.11232353616347857
0.28172817826271057,0.40770886024338066
0.8268827199935913,-0.1536863228782945
0.9815981388092041,0.11791460510483526
0.7426742315292358,-0.11706053355421339
0.8602859973907471,-0.04644795399146526
0.8475847244262695,-0.09070422795222068
0.1735173463821411,-0.6946336116742555
0.7397739887237549,-0.10622220554429569
0.42554256319999695,-0.2106926672348381
0.8288828730583191,-0.14836941903382503
0.24752475321292877,0.06885876530269967
0.998499870300293,0.08286110851168732
0.3713371455669403,0.2562227127286129
0.8978897929191589,0.07809993247464908
0.18041804432868958,-0.6585942544736404
0.07070706784725189,0.22772029547421171
0.9191918969154358,0.1263377757384544
0.5189518928527832,-0.24777345544233367
0.5472546815872192,-0.06900965320488942
0.007200720254331827,0.9897484871245521
0.7843784093856812,-0.20518063227921107
0.5101510286331177,-0.2936472445537537
0.6764676570892334,0.18219418738483864
0.11251125484704971,-0.43156061889656727
0.12411241233348846,-0.5617361023662231
0.8253825306892395,-0.15754057321662185
0.23492349684238434,-0.08649089550077046
0.6602660417556763,0.23911654975224358
0.6780678033828735,0.17564222907698387
0.4358435869216919,-0.27661779560555355
0.1343134343624115,-0.6471546026752941
0.9988998770713806,0.08192996728766004
0.867986798286438,-0.019081269929976212
0.9575957655906677,0.14727885022631446
0.6652665138244629,0.22358294164660464
0.11001100391149521,-0.3993706539206854
0.7327733039855957,-0.07812306853948386
0.7622762322425842,-0.17546743933377415
0.09870987385511398,-0.23839309714964174
0.28522852063179016,0.43162235518241604
0.06300630420446396,0.35909567531073777
0.12491249293088913,-0.5694624139143628
0.31793180108070374,0.5313076982205408
0.04820482060313225,0.5961542285527257
0.3040304183959961,0.5169741544985386
0.5010501146316528,-0.3330834694081278
0.8727872967720032,-0.0021764806550352324
0.7000700235366821,0.07501531721312421
0.3273327350616455,0.5178710438557865
0.7227722406387329,-0.034039299905298734
0.36833682656288147,0.281545636080539
0.6674667596817017,0.21613279431561938
0.6807680726051331,0.16427807671578398
0.973897397518158,0.1303652616624891
0.13161316514015198,-0.6273609349222616
0.3225322663784027,0.5269945047966116
0.10721072554588318,-0.36174610803944895
0.48154816031455994,-0.3830498543663758
0.8459845781326294,-0.09608070743737596
0.5752575397491455,0.10925674310709857
0.9145914316177368,0.11792854189791051
0.461646169424057,-0.37649569279908446
0.30973097681999207,0.5278925138032624
0.6869686841964722,0.13690368856938467
0.13001300394535065,-0.6146596847984841
0.7285728454589844,-0.06010329082082776
0.6284628510475159,0.28227314936235004
0.5495549440383911,-0.05362479700095161
0.5291528701782227,-0.1872914212696544
0.17981798946857452,-0.6621953978757704
0.5203520059585571,-0.23988331591247172
0.8227822780609131,-0.1639369886357444
0.5047504901885986,-0.31813770148528114
0.6441644430160522,0.2740058046929125
0.8105810880661011,-0.18857035172135278
0.23592358827590942,-0.07394304830024709
0.9380937814712524,0.14781603392183926
0.3654365539550781,0.3053471256054927
0.705270528793335,0.04969507335395612
0.12861286103725433,-0.602960962082961
0.9126912355422974,0.11411262803102806
0.4445444643497467,-0.3213733663480183
0.2137213796377182,-0.34817347619940614
0.6787678599357605,0.17273206734992447
0.9752975106239319,0.12829534323515784
0.8510851263999939,-0.07874817494070133
0.953995406627655,0.14907406981209215
0.6894689798355103,0.12544151543704385
0.8569856882095337,-0.05813511025945325
0.7151715159416199,0.0016868350395533383
0.09630963206291199,-0.20137935880439817
0.6012601256370544,0.23042513068683382
0.4882488250732422,-0.3717405395260766
0.014001400209963322,0.9617713157059613
0.903290331363678,0.09246062567665438
0.6936693787574768,0.10575529146274962
0.6542654037475586,0.25496964272578815
0.5243524312973022,-0.21657371858854227
0.4431443214416504,-0.3148972202772696
0.040604062378406525,0.7040885992270196
0.821282148361206,-0.16745631913691217
0.8376837968826294,-0.12281046755652826
0.8627862930297852,-0.03755953832254011
0.8234823346138,-0.16225125860977216
0.43994399905204773,-0.299034450204706
0.5252525210380554,-0.21118464123382819
0.001100110006518662,0.9997583610658531
0.4760476052761078,-0.3873743178555679
0.11771177500486374,-0.4939795363878514
0.28632864356040955,0.43863937721138013
0.6471647024154663,0.26941052737898924
0.6228622794151306,0.2785090523267992
0.298929899930954,0.5012360609366122
0.7117711305618286,0.01806228952915764
0.7010700702667236,0.07015972864212364
0.855785608291626,-0.06236304613193611
0.1440144032239914,-0.7008429954088756
0.9747974872589111,0.12904489807573555
0.28752875328063965,0.44601751007196333
0.9098910093307495,0.10813589534007709
0.8788878917694092,0.018852334301470288
0.7232723236083984,-0.03633327207276075
0.3726372718811035,0.24505273832451535
0.2772277295589447,0.37352577728701614
0.04540454223752022,0.637273797252245
0.8189818859100342,-0.1725988589749878
0.1367136687040329,-0.6629961013309699
0.3712371289730072,0.2570772644994654
0.9852985143661499,0.11106371332027033
0.13881388306617737,-0.6754870314913125
0.10001000016927719,-0.25807115777193584
0.7761776447296143,-0.19890769437678438
0.355335533618927,0.3817908526628476
0.4114411473274231,-0.10175464403034046
0.16671667993068695,-0.718039565701339
0.3173317313194275,0.5315439309102469
0.9397940039634705,0.14868303718376075
0.0488048791885376,0.5871556541646101
0.32303231954574585,0.526261865037746
0.38283827900886536,0.1543366448161621
0.8651865124702454,-0.029021704472351185
0.5208520889282227,-0.23703027328189247
0.7848784923553467,-0.2053804122077316
0.5704570412635803,0.08103983557487004
0.963996410369873,0.14229476989669315
0.8133813142776489,-0.18375836084176658
0.07030703127384186,0.23460504477980965
0.5105510950088501,-0.29171481088814616
0.889388918876648,0.053056206512439606
0.32913291454315186,0.5132661475477858
0.8125812411308289,-0.18518715195879445
0.963196337223053,0.14303976378057945
0.9021902084350586,0.08964237138866916
0.4909490942955017,-0.3653838010890862
0.44404441118240356,-0.31909327418246997
0.09860986471176147,-0.2368683055198357
0.9236923456192017,0.13339161230787294
0.9883988499641418,0.10493473313010886
0.770577073097229,-0.19138001818328348
0.6257625818252563,0.2809084971413736
0.6089608669281006,0.2535817501168095
0.5238523483276367,-0.21954579728893664
0.11981198191642761,-0.5173532958161895
0.9070907235145569,0.10175091519032814
0.7519751787185669,-0.14819601336183377
0.6812680959701538,0.16213360835927873
0.8320832252502441,-0.1394630419441815
0.7175717353820801,-0.009748043525172303
0.44704470038414,-0.33222096004592133
0.0891089141368866,-0.08572018609474935
0.19691969454288483,-0.5285933325099741
0.5757575631141663,0.11211167008718527
0.6527652740478516,0.25842417804328427
0.6294629573822021,0.28256680427924596
0.7595759630203247,-0.16910111301717115
0.3249324858188629,0.5230132699198945
0.6570656895637512,0.24796788237239478
0.663866400718689,0.22813298763892462
0.7351735234260559,-0.0880470010000072
0.9172917604446411,0.12300876341005679
0.7473747730255127,-0.13351679217829251
0.9601960182189941,0.14552575416932453
0.8673867583274841,-0.021208092164057727
0.12391239404678345,-0.5597780930191277
0.22892288863658905,-0.1619313056906004
0.27402740716934204,0.34697034136240956
0.45854586362838745,-0.36987556044083636
0.12291229516267776,-0.5498306047129712
0.6980698108673096,0.08469269813943693
0.5178517699241638,-0.25386763432968107
0.42934292554855347,-0.23652977583978105
0.10581058263778687,-0.3423407479409525
0.6262626647949219,0.2812243300990948
0.0281028114259243,0.8517653172089852
0.09680968523025513,-0.20916103466970906
0.3953395485877991,0.03996072378850948
0.19391939043998718,-0.5563010632981664
0.8464846611022949,-0.09440717465096173
0.12741273641586304,-0.5925036724389531
0.06190619245171547,0.3775692751505144
0.8505850434303284,-0.08047090640771842
0.17421741783618927,-0.6915264900732627
0.13901390135288239,-0.6766094763139601
0.22032202780246735,-0.2688698948970182
0.3568356931209564,0.37115793881915043
0.6116611957550049,0.2601486214446585
0.9970996975898743,0.0860896197960283
0.6052604913711548,0.24326219791514075
0.31783178448677063,0.5313523436309172
0.31923192739486694,0.5305359579134631
0.6099610328674316,0.25610950542862915
0.7029702663421631,0.06091198645158435
0.05750575289130211,0.4503533866489124
0.6656665802001953,0.22225529612456435
0.7115711569786072,0.01903064165187092
0.8802880048751831,0.023578454744929946
0.6276627779006958,0.28195593792787343
0.8984898328781128,0.07975918295853004
0.5897589921951294,0.1843288619030452
0.5724572539329529,0.09296867592562896
0.026902690529823303,0.8636442486585992
0.06290628761053085,0.36077904866954136
0.30813083052635193,0.5255390625822068
0.3466346561908722,0.4375856959288799
0.6430642604827881,0.27545743771520603
0.9311931133270264,0.1424773173189823
0.7062706351280212,0.044816157201683283
0.9727972745895386,0.13192798781478088
0.5543554425239563,-0.021644776265072396
0.4356435537338257,-0.27546588738941336
0.2113211303949356,-0.37609160864261276
0.821982204914093,-0.16582990205379627
0.32163217663764954,0.5281839030064135
0.38143813610076904,0.16703334195754505
0.8321832418441772,-0.13917717503875113
0.8589859008789062,-0.05106054406155768
0.22782278060913086,-0.17573754763186955
0.45994600653648376,-0.37305316139926864
0.0013001300394535065,0.9996626002342471
0.922592282295227,0.13177657562172518
0.15251524746418,-0.7250138932887763
0.23652365803718567,-0.06642390008007955
0.46484649181365967,-0.38173560402608714
0.037403739988803864,0.7457568220542992
0.8521852493286133,-0.07494284557595718
0.6477648019790649,0.2683814584355013
0.0525052510201931,0.5303305696070841
0.6895689964294434,0.12497870603434297
0.3591359257698059,0.3543348091185366
0.7904790639877319,-0.2061955703427635
0.2958295941352844,0.488933425352361
0.05290529131889343,0.5240585447851921
0.371437132358551,0.2553674780238872
0.47324731945991516,-0.38780170238617445
0.13941393792629242,-0.6788192005040815
0.5631563067436218,0.03571605024696524
0.6563656330108643,0.2497846889638622
0.4703470468521118,-0.3869603293743275
0.17121712863445282,-0.70393912513833
0.9755975604057312,0.12784017091535038
0.09550955146551132,-0.18885464022307435
0.6675667762756348,0.21578567021574768
0.345334529876709,0.44498423872417703
0.20712071657180786,-0.42346010649843085
0.9740974307060242,0.13007507309487648
0.015801580622792244,0.9515110898064935
0.7005700469017029,0.07258872453889567
0.03520352020859718,0.7729442840294861
0.607860803604126,0.25067215507706353
0.6236623525619507,0.2792677866145955
0.2920292019844055,0.4710671747553791
0.46444645524024963,-0.3811692435611865
0.06610661000013351,0.30656763393127884
0.7057706117630005,0.04725553857530547
0.3665366470813751,0.29640312284676607
0.7979798316955566,-0.20326958147566032
0.030603060498833656,0.8256389335062903
0.47904789447784424,-0.38558196164375896
0.2356235682964325,-0.07770546673099062
0.19271928071975708,-0.5669203755348804
0.9939994215965271,0.09305813938171599
0.34273427724838257,0.45898610667084877
0.3638363778591156,0.3181613093387926
0.12661266326904297,-0.5853138796686707
0.15601560473442078,-0.728735600847097
0.7179718017578125,-0.01164173526630078
0.41094109416007996,-0.09757349309331681
0.7867786884307861,-0.20594902858601014
0.49044904112815857,-0.3666366671928501
0.7294729351997375,-0.06403034519551526
0.05140513926744461,0.5474539566614391
0.08940894156694412,-0.09065872050333323
0.002100209938362241,0.9991205869548543
0.08990899473428726,-0.0988691191335999
0.020702069625258446,0.9177965324399655
0.04580458253622055,0.6314908717929831
0.2430243045091629,0.014269810396937909
0.8442844152450562,-0.10172276712169627
0.33893388509750366,0.4774570465726784
0.39113911986351013,0.07838613971301035
0.5383538007736206,-0.12820430554524065
0.05520552024245262,0.4875521810084751
0.31443145871162415,0.5316098317880348
0.6917691826820374,0.11472077975739726
0.20562055706977844,-0.4398609594862901
0.19251924753189087,-0.5686636048597712
0.06340634077787399,0.3523546234710196
0.6082608103752136,0.25174578651286866
0.9270927309989929,0.13792959218696918
0.9678968191146851,0.13818199325667468
0.010501050390303135,0.9783350006961841
0.3041304051876068,0.517226455596506
0.1709170937538147,-0.7050495909900061
0.008900890126824379,0.9843854817361716
0.701470136642456,0.06821496790462438
0.3174317479133606,0.5315098354290194
0.09170917421579361,-0.12820346633009486
0.7833783626556396,-0.20471823736358216
0.6732673645019531,0.1948553443906874
0.19491949677467346,-0.5472459874480091
0.6368637084960938,0.28122697863534907
0.00010001000191550702,0.999998
0.8032803535461426,-0.19852651599986526
0.604760468006134,0.24175212181249475
0.2720271944999695,0.32946760313849155
0.9812981486320496,0.11844665484049358
0.3117311894893646,0.5300557267535703
0.9465946555137634,0.15038457237606698
0.3762376308441162,0.21358572525595912
0.021302130073308945,0.9131032996081796
0.07780778408050537,0.10533669471768418
0.34963497519493103,0.4195434267479328
0.8817881941795349,0.028592322744090456
0.20432043075561523,-0.4538343015241181
0.5420541763305664,-0.10372556538241953
0.615461528301239,0.2679915939866476
0.8357836008071899,-0.1286017621545414
0.8707870841026306,-0.009192057787237737
0.846584677696228,-0.09407173183982709
0.41674166917800903,-0.1448628916407438
0.3788378834724426,0.19044592115083514
0.058305829763412476,0.43726788392231974
0.9911991357803345,0.09911855794189084
0.9986998438835144,0.0823960108391074
0.011601160280406475,0.9736176743235166
0.6644664406776428,0.22620154460687023
0.9033903479576111,0.09271401948448417
0.9951995015144348,0.09039138832920744
0.8959895968437195,0.07274603235580623
0.17631763219833374,-0.6814491366697171
0.18751876056194305,-0.6096527488928695
0.3224322497844696,0.5271348840775452
0.05260526016354561,0.5287647892129037
0.7725772857666016,-0.19436903131596164
0.29462945461273193,0.4836208821544217
0.44734475016593933,-0.3334602205382036
0.565556526184082,0.050895409881923266
0.6059606075286865,0.24533038769022913
0.09590959548950195,-0.1951282534875803
0.6342633962631226,0.28239718710472794
0.36333632469177246,0.32211627568967677
0.1050105020403862,-0.3310813559366642
0.3380337953567505,0.4814714563348697
0.3676367700099945,0.2873552489491152
0.5776577591896057,0.12280411041407198
0.9045904874801636,0.09571768614504912
0.6573657393455505,0.24717592087235943
0.5179517865180969,-0.25331754558225394
0.16071607172489166,-0.7280846278054357
0.361036092042923,0.3399889871966388
0.9758976101875305,0.1273809449976869
0.6635663509368896,0.22908813716868096
0.9997999668121338,0.07982128638510017
0.07910791039466858,0.08300185594671548
0.30563056468963623,0.5207505862570151
0.19801980257034302,-0.518036403089462
0.35983598232269287,0.34909527211928393
0.09330933541059494,-0.1539638839446459
0.7424742579460144,-0.11632930251359243
0.5626562833786011,0.0325237489215586
0.16821682453155518,-0.7139529238563338
0.4179418087005615,-0.15428917264038403
0.644664466381073,0.27330425766791766
0.4116411805152893,-0.10342194030718685
0.09880988299846649,-0.23991632560093776
0.2896289527416229,0.45822594265069794
0.37783777713775635,0.1993817203333477
0.5658565759658813,0.05277508783655652
0.30933094024658203,0.5273561242133924
0.31553155183792114,0.5317954212610074
0.18231824040412903,-0.6466262005608657
0.9622962474822998,0.14383688203917863
0.10981098562479019,-0.39673722778303677
0.2844284474849701,0.42636799581956397
0.33423343300819397,0.49683725637477455
0.0038003800436854362,0.997127944804525
0.6540653705596924,0.2554423682516033
0.9473947286605835,0.15040023928410165
0.3356335759162903,0.4914785398151263
0.7813781499862671,-0.2035416243568192
0.8220822215080261,-0.16559526913662115
0.9227922558784485,0.13207551680290008
0.24282428622245789,0.011814757967079335
0.5043504238128662,-0.31982813338920546
0.5346534252166748,-0.15234108007905378
0.4811481237411499,-0.3835177503680338
0.8476847410202026,-0.09036620168682255
0.06860686093568802,0.2638151724725111
0.4799480140209198,-0.3847782807830498
0.7437744140625,-0.1210381271819661
0.23532353341579437,-0.08146960371157752
0.6353635191917419,0.28199367144079374
0.4569456875324249,-0.3658661678908915
0.8213821649551392,-0.1672256976723325
0.27522751688957214,0.35714105690884096
0.807380735874176,-0.19340698383929264
0.10401040315628052,-0.31683728527078103
0.749174952507019,-0.13943472185460226
0.12651264667510986,-0.5844029560895982
0.9265926480293274,0.13730555898073382
0.7059705853462219,0.04627975397611937
0.02770277112722397,0.85577346633474
0.5084508657455444,-0.30168299558001516
0.2382238209247589,-0.04516916322653417
0.057105712592601776,0.456868786926038
0.14351435005664825,-0.6987522517609182
0.5352535247802734,-0.14845599347126354
0.5445544719696045,-0.08706200474245251
0.10071007162332535,-0.2685534427455252
0.4543454349040985,-0.3584953044212506
0.8816881775856018,0.02825975016438561
0.2064206451177597,-0.431149918250017
0.1136113628745079,-0.44528651728562485
0.5343534350395203,-0.15427892475771518
0.029402941465377808,0.8384086551513837
0.24032403528690338,-0.019042919385071053
0.39983999729156494,-0.0008021610115723686
0.37413743138313293,0.23203151521689053
0.9222922325134277,0.13132376129711468
0.27192720770835876,0.3285746917353452
0.9199919700622559,0.12767773629749904
0.5150514841079712,-0.26893796787726926
0.2808280885219574,0.40117649937467365
0.055605560541152954,0.48113019286325714
0.892589271068573,0.06280477660098673
0.4795479476451874,-0.3851505212110912
0.24692469835281372,0.06165947952872205
0.3738373816013336,0.23464658525428916
0.4286428689956665,-0.2318979143627999
0.26042604446411133,0.21553126891455762
0.036203619092702866,0.7607390805462729
0.6924692392349243,0.11142836867538226
0.17041704058647156,-0.7068468590810252
0.21392139792442322,-0.3458220088302778
0.323932409286499,0.5248144388425248
0.23832383751869202,-0.0439215164977614
0.7314731478691101,-0.07263081616057113
0.4311431050300598,-0.2481664821600627
0.13121312856674194,-0.6242529328646467
0.3930393159389496,0.06097546290438703
0.6183618307113647,0.2728650960076642
0.15911591053009033,-0.7290273348751886
0.9387938976287842,0.14819450752158883
0.2162216305732727,-0.3185279777470354
0.23962396383285522,-0.027733295503611328
0.031703170388936996,0.8135700874065719
0.523352324962616,-0.22250184971196563
0.5068507194519043,-0.30897670744070665
0.40364035964012146,-0.034665436052952366
0.30203020572662354,0.5114728415233103
0.8228822946548462,-0.1636978412039256
0.5295529365539551,-0.18479514884843642
0.39723971486091614,0.022680513337581806
0.5370537042617798,-0.13673085880829888
0.41334134340286255,-0.11747090805675688
0.09740974009037018,-0.21845087933010504
0.729172945022583,-0.06272513953101758
0.09540954232215881,-0.18728276286187862
0.9306930899620056,0.1419773107353172
0.5016501545906067,-0.33076678905193835
0.9730973243713379,0.1315074107192075
0.7490749359130859,-0.13911173032519483
0.16401639580726624,-0.7238195682601222
0.12901289761066437,-0.6063588038988422
0.1380138099193573,-0.6708802366546701
0.19331933557987213,-0.5616447857924953
0.4675467610359192,-0.3848967322334357
0.0892089232802391,-0.08736737443584727
0.7287728786468506,-0.060978920100698726
0.48764875531196594,-0.3730155339855761
0.7906790971755981,-0.206176712842068
0.8194819688796997,-0.17150761151360314
0.9379938244819641,0.14775951146014393
0.2466246634721756,0.058049954883476855
0.7657765746116638,-0.1828594509366832
0.19131913781166077,-0.5789599466533808
0.273627370595932,0.3435244766388643
0.07260726392269135,0.19497679076685517
0.7214721441268921,-0.02803806856175583
0.8245824575424194,-0.15954777465309034
0.1796179562807083,-0.6633765220005409
0.384538471698761,0.13885332608638554
0.6402640342712402,0.2785757084267137
0.09360936284065247,-0.1587588999101296
0.22652265429496765,-0.19202207911620708
0.08240824192762375,0.026608486817720402
0.7274727821350098,-0.05525794851318003
0.13891389966011047,-0.6760497182480728
0.3564356565475464,0.37402019128759795
0.5429543256759644,-0.0977351895607213
0.782778263092041,-0.20440053573020706
0.5690568685531616,0.07255414489483217
0.7878787517547607,-0.20614075310600627
0.1868186891078949,-0.6149774972708006
0.8202820420265198,-0.1697305713044368
0.7486748695373535,-0.13781291661455494
0.0806080624461174,0.057306233353593326
0.48054805397987366,-0.3841749195413335
0.9152915477752686,0.1192845671487487
0.7511751055717468,-0.14574899459940135
0.8056805729866028,-0.19567934991904248
0.4494449496269226,-0.3417559762537171
0.26322633028030396,0.24482903569525916
0.8900890350341797,0.0552193745965569
0.8623862266540527,-0.03898259805506861
0.7832783460617065,-0.2046673854602771
0.43884387612342834,-0.29324728762341223
0.014501450583338737,0.9590383823941163
0.6467646360397339,0.2700763829138202
0.20332033932209015,-0.46442385635512873
0.9127912521362305,0.11431835105646662
0.11651165038347244,-0.48013960831639485
0.2050205022096634,-0.4463386854901551
0.37603759765625,0.21535252577262998
0.4435443580150604,-0.3167766762267194
0.3430342972278595,0.45742578323048877
0.8190819025039673,-0.17238181243514666
0.8753875494003296,0.006863781590416735
0.7069706916809082,0.04140174430667479
0.4361436069011688,-0.27833563114137144
0.177117720246315,-0.6773159609778909
0.35113510489463806,0.41003496779112314
0.02710271067917347,0.8616948459427246
0.8436843752861023,-0.1036954662890998
0.20322032272815704,-0.4654749876401993
0.9664966464042664,0.13974901306791326
0.381038099527359,0.1706503961581242
0.4346434772014618,-0.26962666616863473
0.05450545251369476,0.4987399950874707
0.32413241267204285,0.5244704068072489
0.8502850532531738,-0.08150234592630788
0.9918991923332214,0.09762551522891307
0.7564756274223328,-0.16109598282020957
0.09200920164585114,-0.1330569162723835
0.9118911623954773,0.11244749680707578
0.6640664339065552,0.2274922951002847
0.7694769501686096,-0.18959464210880214
0.8230823278427124,-0.16321787045939706
0.7126712799072266,0.013710930645869555
0.42784279584884644,-0.22653276672859618
0.29832983016967773,0.49901557052440454
0.013001300394535065,0.966964332019968
0.798079788684845,-0.20320021850012146
0.26672667264938354,0.27991000394381177
0.7138713598251343,0.007926780843564274
0.3223322331905365,0.527273210558178
0.7693769335746765,-0.1894273779142203
0.5392539501190186,-0.12227621826444861
0.06140614300966263,0.385933316911208
0.9902990460395813,0.10101570336144657
0.1466146558523178,-0.7105178367783508
0.44974496960639954,-0.3428866152353211
0.3042304217815399,0.5174765872999074
0.2419241964817047,0.0007409105127622177
0.5085508823394775,-0.3012183636594648
0.3294329345226288,0.5124371487763146
0.6737673878669739,0.19291772324028214
0.1500149965286255,-0.7201351584700025
0.15211521089076996,-0.7243579478930714
0.911791205406189,0.1122369462967004
0.42324233055114746,-0.19425836171938435
0.7686768770217896,-0.18823345410517758
0.4430443048477173,-0.3144237312859633
0.039003901183605194,0.7252273255048536
0.9858986139297485,0.10990415845728826
0.7124712467193604,0.014676979340163192
0.5913591384887695,0.19151693471963593
0.8592859506607056,-0.049996921806447804
0.48064807057380676,-0.3840691220608679
0.8954895734786987,0.0713125239240695
0.8238824009895325,-0.16127581636961053
0.8044804334640503,-0.197156294612625
0.9782978296279907,0.1235637990135249
0.3993399441242218,0.003696575311258119
0.9551955461502075,0.1485583071413096
0.6609660983085632,0.23706393729923064
0.5319532155990601,-0.16965920692195274
0.7119711637496948,0.017094422898815947
0.24212421476840973,0.0032053591128326986
0.5604560375213623,0.018367089084086644
0.17501750588417053,-0.6878204576176112
0.9015901684761047,0.08808150450512055
0.9718971848487854,0.1331641553214296
0.03380338102579117,0.789592000870051
0.8407840728759766,-0.11308072154292349
0.13411341607570648,-0.645759652502286
0.9544954299926758,0.14886928793117607
0.7982798218727112,-0.20305913844518628
0.3640364110469818,0.3165726109209192
0.032903291285037994,0.8000166752294778
0.8828883171081543,0.03223402618560573
0.3004300594329834,0.5064483378258909
0.696069598197937,0.09431177493185579
0.4090408980846405,-0.08152298205936938
0.23222322762012482,-0.12043405500993673
0.6667666435241699,0.21854224613796527
0.7009700536727905,0.07064570819748994
0.41974198818206787,-0.1681762631442257
0.35493549704551697,0.38457935999342213
0.8363836407661438,-0.1267878519395666
0.42034202814102173,-0.1727356620161515
0.9310930967330933,0.14237853399171238
0.8936893939971924,0.06606992209422781
0.618561863899231,0.273165537122262
0.16391639411449432,-0.7239943262509941
0.006000600289553404,0.9928657846384793
0.12401240319013596,-0.5607584150118994
0.5760576128959656,0.1138165283671121
0.5136513710021973,-0.2762221711118792
0.2343234270811081,-0.0940274226949231
0.21202120184898376,-0.36800783496675654
0.15241524577140808,-0.7248543532162413
0.7617762088775635,-0.17433169030660786
0.015301530249416828,0.954477959610768
0.04810481145977974,0.5976477760834158
0.6122612357139587,0.2614962201726242
0.7674767374992371,-0.18609305693408887
0.7101709842681885,0.02582142850560946
0.17621763050556183,-0.6819544614520876
0.7715771198272705,-0.1929160956966823
0.9081908464431763,0.10430702736829907
0.7479747533798218,-0.13551378801257138
0.6212621331214905,0.2767700317618377
0.48534855246543884,-0.37743061539795103
0.2711271047592163,0.3213714611663177
0.6766676902770996,0.1813829715929796
0.4150415062904358,-0.1312893438704347
0.13331332802772522,-0.6400654592654041
0.8378837704658508,-0.1221929681630006
0.9389938712120056,0.14829712041960125
0.970797061920166,0.13462233142442304
0.9121912121772766,0.11307594241102997
0.38503849506378174,0.13428811732896667
0.8340834379196167,-0.13366318465438765
0.4124412536621094,-0.11006100950411299
0.8963896632194519,0.07388555033643661
0.4788478910923004,-0.3857439791599532
0.2866286635398865,0.4405110956120523
0.13861386477947235,-0.6743528762352631
0.5941594243049622,0.2035120179440246
0.3067306876182556,0.5230245913319004
0.9058905839920044,0.09889332016297357
0.3629362881183624,0.3252627554615575
0.9455945491790771,0.1503106809716791
0.8949894905090332,0.06986900726263713
0.3028302788734436,0.5137773887931474
0.2969296872615814,0.4935341486566819
0.8646864891052246,-0.03079982832520845
0.6136613488197327,0.264481639182266
0.88018798828125,0.023242320538066855
0.426342636346817,-0.2162711178519534
0.06450644880533218,0.3337574720467574
0.965396523475647,0.1409094309708506
0.2074207365512848,-0.42014558496060767
0.03410341218113899,0.7860684797096392
0.804180383682251,-0.19750890717997008
0.1622162163257599,-0.7265312842562551
0.7141714096069336,0.006484233969653581
0.5796579718589783,0.13378077756046858
0.718471884727478,-0.014003532154794144
0.8232823610305786,-0.16273567309712667
0.5475547313690186,-0.06700249039914885
0.9252925515174866,0.13561298830869362
0.007400739938020706,0.989174973343269
0.863386332988739,-0.035424739484875595
0.9229922890663147,0.13237210656314222
0.2051205188035965,-0.44526242400541344
0.2541254162788391,0.14604889637795992
0.13011300563812256,-0.6154744907043243
0.5877587795257568,0.17501331859659056
0.7368736863136292,-0.09489810885993451
0.13041304051876068,-0.6179021763076532
0.8428843021392822,-0.10630979685245126
0.9094909429550171,0.10724840330144714
0.2599259912967682,0.210190921491353
0.2573257386684418,0.18192038043007336
0.3186318576335907,0.5309362438742352
0.27682769298553467,0.37030625514609
0.4831483066082001,-0.3809414968858185
0.4223422408103943,-0.18767213485780257
0.9649965167045593,0.14131576733285725
0.21062105894088745,-0.3841242325050897
0.26792678236961365,0.2915191701254708
0.13871386647224426,-0.6749214171231656
0.8931893110275269,0.06459141518146914
0.9659966230392456,0.14028426136734456
0.7083708047866821,0.03457791367439971
0.12791278958320618,-0.5969088068400215
0.08040804415941238,0.06072689657658222
0.15551555156707764,-0.7284250462092067
0.9486948847770691,0.15034366245562
0.456645667552948,-0.3650696488469228
0.9669966697692871,0.13920087335979642
0.48414841294288635,-0.37943285803234494
0.35943594574928284,0.3520959415814118
0.6035603284835815,0.2380170614981221
0.6852685213088989,0.14456919380268907
0.8705870509147644,-0.009896083070262431
0.4177417755126953,-0.15272728850150719
0.13081307709217072,-0.6210999700080014
0.3452345132827759,0.4455425437734325
0.36953696608543396,0.2714965831540899
0.42424243688583374,-0.20147487127673408
0.2198219895362854,-0.2749855422928994
0.44254425168037415,-0.3120346021216373
0.6150615215301514,0.2672436256793796
0.09430943429470062,-0.16990242063687042
0.08220822364091873,0.030010869950438106
0.5005500316619873,-0.33498162424358124
0.6612660884857178,0.23617176907421716
0.8356835842132568,-0.12890270965528625
0.5619561672210693,0.028038388177006286
0.45474547147750854,-0.3596979672160114
0.2538253962993622,0.14262929423358045
0.5207520723342896,-0.23760233041780277
0.9514951705932617,0.14987935401288682
0.9009901285171509,0.08650418820122106
0.30543053150177,0.5203089153786907
0.3675367534160614,0.28818194844502804
0.7776777744293213,-0.200477889868958
0.7218722105026245,-0.029890134408047733
0.6722671985626221,0.19868348571348188
0.33003300428390503,0.5107268752911244
0.3310331106185913,0.5077225032623165
0.722172200679779,-0.031275992340301775
0.8519852161407471,-0.07563622952444096
0.5954595804214478,0.20882174348743718
0.08320832252502441,0.01302243190844374
0.34623461961746216,0.4398898039869677
0.7643764019012451,-0.18002056346506745
0.005400540307164192,0.9942153608457601
0.34513452649116516,0.4460992896614234
0.6305630207061768,0.28275820413670616
0.14811481535434723,-0.7151848418553481
0.487348735332489,-0.37363403207954243
0.8038803935050964,-0.19785482856068762
0.3335333466529846,0.4993818070224618
0.6016601324081421,0.23178600889038148
0.49264925718307495,-0.36087093049748775
0.5797579288482666,0.13432184332875288
0.983198344707489,0.11501671160695992
0.5083508491516113,-0.30214660641633756
0.6645664572715759,0.22587691519700762
0.5490548610687256,-0.056968067142604224
0.07680767774581909,0.12254877845491842
0.20652064681053162,-0.4300551954471395
0.950094997882843,0.1501697208106848
0.7311731576919556,-0.07135219501552874
0.8477847576141357,-0.0900279492122823
0.45244523882865906,-0.3524434637327408
0.27172717452049255,0.3267838564403055
0.20792078971862793,-0.41459669008265015
0.8914891481399536,0.059494769490386276
0.09510951489210129,-0.18255888480027976
0.805880606174469,-0.19542291126893266
0.24822482466697693,0.07722353526134124
0.1759175956249237,-0.6834552665465917
0.4422442317008972,-0.310583825382827
0.6704670190811157,0.205410949992978
0.5182517766952515,-0.2516625309634818
0.853385329246521,-0.07076942192765932
0.3701370060443878,0.26643120532371256
0.42434242367744446,-0.20219055435465091
0.06880687922239304,0.26038355780132283
0.3432343304157257,0.45637745961554704
0.4944494366645813,-0.3556729944683527
0.09660965949296951,-0.2060526980471379
0.9484948515892029,0.15035895998049625
0.2713271379470825,0.32318221765502053
0.47574758529663086,-0.38747794153640996
0.9545954465866089,0.14882659441371557
0.6320632100105286,0.28279790216642947
0.5975597500801086,0.21704228221797908
0.35723572969436646,0.3682765272825707
0.5299530029296875,-0.18229104989193703
0.1990199089050293,-0.508262165803421
0.12051205337047577,-0.5249006980984027
0.4971497058868408,-0.34708811671923406
0.6783678531646729,0.17439820156893654
0.3600360155105591,0.3475883510035774
0.6490648984909058,0.26602817172850746
0.8609861135482788,-0.04396098851034885
0.9978997707366943,0.08425064428442477
0.8070806860923767,-0.19382317835444682
0.8577857613563538,-0.05530902163202173
0.797379732131958,-0.2036692435187426
0.162516251206398,-0.7261433276612116
0.05360536277294159,0.5130262539607141
0.8766876459121704,0.0113433577696946
0.7970796823501587,-0.2038584311391367
0.4212421178817749,-0.17950750860573123
0.6456645727157593,0.2718235843592623
0.350735068321228,0.4126014031952387
0.8393839597702026,-0.11751593487140588
0.7112711668014526,0.020484047072834983
0.2708270847797394,0.3186429716419393
0.5031503438949585,-0.32479221697309
0.6514651775360107,0.26124639355823087
0.466246634721756,-0.38351853758599636
0.40214022994041443,-0.021372910189996864
0.18541854619979858,-0.6253083557122665
0.9425942897796631,0.14972504182650878
0.2872287333011627,0.44420020668010846
0.3030303120613098,0.5143318622683036
0.16451644897460938,-0.7229034430704571
0.3417341709136963,0.4640808971326547
0.34763476252555847,0.431719527175624
0.9552955031394958,0.14851157539105223
0.17921791970729828,-0.6657097247830366
0.3797379732131958,0.1823690942994803
0.3368336856365204,0.4866031244615908
0.7196719646453857,-0.019646459363392703
0.9641964435577393,0.14210319886053108
0.5109511017799377,-0.2897668119053443
0.6024602651596069,0.2344567123769963
0.8795879483222961,0.021220782415916427
0.9294929504394531,0.14071526699331321
0.012601260095834732,0.9689390465941818
0.5959596037864685,0.21081926894237454
0.38763877749443054,0.11049029819360696
0.44514450430870056,-0.3240610715670135
0.7147715091705322,0.003603680461639504
0.3531353175640106,0.3968750528653709
0.08270826935768127,0.021509232150260432
0.7790778875350952,-0.20177264546119028
0.09840983897447586,-0.23381405463309513
0.7783778309822083,-0.20114588598292732
0.2443244308233261,0.030172562256926598
0.8554855585098267,-0.06341768068021238
0.034503452479839325,0.7813330584718585
0.08140814304351807,0.04364230143498542
0.6166616678237915,0.27012542987061544
0.5779577493667603,0.12446918415027268
0.21162116527557373,-0.3726332969730955
0.0793079286813736,0.07957067205624724
0.6898689866065979,0.12358839736925883
0.2674267590045929,0.2867088102918008
0.009400940500199795,0.9825985901934012
0.4225422441959381,-0.18914312254567925
0.37563756108283997,0.2188799979006419
0.2891289293766022,0.45540093923659825
0.23712371289730072,-0.05891322274260436
0.9388939142227173,0.1482461207244311
0.32283228635787964,0.5265610640138831
0.7863786220550537,-0.2058543505205934
0.6359635591506958,0.2817168677328644
0.9196919798851013,0.1271795650268499
0.7326732873916626,-0.0777034272855059
0.6028602719306946,0.23576642131672454
0.18651865422725677,-0.6172272303779065
0.461246132850647,-0.3757267796417055
0.26452645659446716,0.2580658912383436
0.22432243824005127,-0.21947155201689356
0.5373537540435791,-0.1347672534070282
0.23362337052822113,-0.10282571716880343
0.09500949829816818,-0.18098152928939037
0.11201120167970657,-0.42523203314122987
0.22042204439640045,-0.2676449879864564
0.04190419241786003,0.6864823533355684
0.09220921993255615,-0.1362866663124405
0.8669866919517517,-0.02262713278166313
0.5408540964126587,-0.11169362639998612
0.5788578987121582,0.12942534748556955
0.5742574334144592,0.1034971869246165
0.7667766809463501,-0.18479007285745597
0.5567556619644165,-0.005791038271267533
0.8135813474655151,-0.1833945180549591
0.12021202594041824,-0.5216811954918061
0.5765576362609863,0.11664428885981142
0.8389838933944702,-0.11877091209022564
0.19701971113681793,-0.5276421928051912
0.4018401801586151,-0.01870212508698816
0.3687368631362915,0.27820832932280753
0.19971998035907745,-0.5013224209714947
0.40334033966064453,-0.032015420160688465
0.12481248378753662,-0.568505905512491
0.21922191977500916,-0.2823040900722783
0.2712271213531494,0.32227766504262045
0.21902190148830414,-0.28473852413469286
0.46704670786857605,-0.38439824225960084
0.5142514109611511,-0.2731215636565368
0.5984598398208618,0.2204282218691243
0.6565656661987305,0.2492700633824317
0.7804780602455139,-0.20290243312407116
0.6943694353103638,0.10243025885085087
0.2136213630437851,-0.34934782826515076
0.10651065409183502,-0.35209151618764645
0.060006000101566315,0.4092333909409078
0.4227422773838043,-0.19060990883200046
0.7577757835388184,-0.1645422896612472
0.007700770162045956,0.9882859059914402
0.7546754479408264,-0.15611463877707737
0.28982898592948914,0.45934155606396476
0.4820482134819031,-0.38243159760991563
0.9302930235862732,0.14156635122220343
0.6413640975952148,0.27745022584677914
0.9064906239509583,0.10033105599153343
0.8007800579071045,-0.20103273254115758
0.5468546748161316,-0.07168573987634248
0.5951595306396484,0.20761126556071463
0.3391339182853699,0.4765458803739238
0.5415541529655457,-0.10704846668091299
0.25602561235427856,0.1674845364253174
0.8162816166877747,-0.17822733058527396
0.2635263502597809,0.24790483093876398
0.5256525278091431,-0.20877367398935498
0.3530353009700775,0.3975457908926724
0.8567856550216675,-0.058840747609977706
0.19081908464431763,-0.5831664687958323
0.023502349853515625,0.894874949688259
0.16041603684425354,-0.728317713515992
0.7984798550605774,-0.20291492356248708
0.3490349054336548,0.42325737557900944
0.19941994547843933,-0.5043063285853826
0.28242823481559753,0.4126822738992519
0.9285928606987,0.13971141469954157
0.1342134177684784,-0.6464585600024414
0.8512850999832153,-0.07805783323554072
0.16191619634628296,-0.7268935358982503
0.528752863407135,-0.18977969473441775
0.20602060854434967,-0.4355158908949846
0.9955995678901672,0.08949368144092923
0.22192218899726868,-0.24920459910251214
0.6038603782653809,0.23896545103237546
0.02600260078907013,0.8722642098745861
0.9365936517715454,0.1469037467305817
0.909390926361084,0.10702523319017483
0.37443745136260986,0.2294112332770653
0.202620267868042,-0.4717513318404508
0.6988698840141296,0.08082785169799048
0.4234423339366913,-0.19571028536658086
0.1917191743850708,-0.575559112030472
0.18281827867031097,-0.6433361957003841
0.6233623027801514,0.27899191246851385
0.933293342590332,0.1444108074532787
0.6283628344535828,0.2822375021014911
0.42084208130836487,-0.17650785830028817
0.022402239963412285,0.9041878780304425
0.8915891647338867,0.05979749619444799
0.6469646692276001,0.26974547993871145
0.9413941502571106,0.14933720478511264
0.08460845798254013,-0.010654720904723804
0.42894288897514343,-0.23389020504809818
0.5560556054115295,-0.010402331171504227
0.2551255226135254,0.15737937618517528
0.011701170355081558,0.973166473133809
0.8837883472442627,0.035190203928430065
0.5966596603393555,0.21357368457203915
0.8195819854736328,-0.171287563164411
0.8659865856170654,-0.026178138828915856
0.7489749193191528,-0.13878805301431124
0.0005000500241294503,0.9999500323453673
0.5342534184455872,-0.15492415871709778
0.9111911058425903,0.1109624666281035
0.4324432611465454,-0.2563202475883066
0.10631062835454941,-0.3493153248568557
0.259025901556015,0.20049865158438507
0.8434843420982361,-0.10435077904465002
0.3735373616218567,0.23725634293234182
0.3517351746559143,0.40614390593169075
0.6986698508262634,0.08179488216727403
0.6767677068710327,0.18097651817720165
0.5622562170028687,0.029962947866275687
0.16051605343818665,-0.728242900263857
0.1733173280954361,-0.6954979610619854
0.9341934323310852,0.14515690097898004
0.3812381327152252,0.16884249638547605
0.962496280670166,0.14366351637408226
0.17611761391162872,-0.6824572600390592
0.540153980255127,-0.11632988851914193
0.27392739057540894,0.34611146494403344
0.24722471833229065,0.06526245692752118
0.6738673448562622,0.19252834367998442
0.6891689300537109,0.1268280355028516
0.794379472732544,-0.20523913165894606
0.42064207792282104,-0.17500198192078883
0.6371636986732483,0.28104383753660733
0.02320232056081295,0.8974539079102918
0.8258825540542603,-0.1562688418474682
0.7561756372451782,-0.16028256247681047
0.6168617010116577,0.27046499605877633
0.35963597893714905,0.35059781149757796
0.6288628578186035,0.28240431037980623
0.46324631571769714,-0.37931822620911837
0.012501250021159649,0.9694235307415244
0.7641764283180237,-0.1796021208996149
0.6229622960090637,0.27860793171714504
0.1296129673719406,-0.6113726315913401
0.19761976599693298,-0.5218991872090547
0.9480947852134705,0.15038236951863956
0.9581958055496216,0.14690788578479144
0.5750575065612793,0.10811009554295141
0.8152815103530884,-0.18019598707737408
0.3086308538913727,0.5263340867084891
0.9276927709579468,0.13865859510663514
0.688268780708313,0.13096996013999931
0.9305930733680725,0.14187548322282986
0.767376720905304,-0.18590936611285275
0.3345334529876709,0.4957191001646588
0.8172817230224609,-0.17619538674484622
0.9421942234039307,0.14960553900721124
0.5870586633682251,0.17166815495752014
0.6506650447845459,0.2629026232969705
0.279727965593338,0.39298383935983683
0.09180918335914612,-0.12982245163102193
0.16461646556854248,-0.7227117640123085
0.5122512578964233,-0.2833301286191858
0.512651264667511,-0.28131765336449316
0.46214622259140015,-0.37742124732098453
0.6809681057929993,0.16342173414025632
0.03640364110469818,0.7582672546555099
0.2125212550163269,-0.3622033501545211
0.8150814771652222,-0.1805820317618639
0.8717871904373169,-0.005678389279549808
0.005500549916177988,0.9940001461875289
0.06380638480186462,0.3456018161372396
0.030203020200133324,0.8299418912920004
0.5811581015586853,0.14181679898009777
0.12761276960372925,-0.5942739187882421
0.4432443380355835,-0.31536926057225867
0.36443644762039185,0.3133838645383788
0.41434144973754883,-0.1256282476893663
0.2878287732601166,0.44781658703035065
0.6493649482727051,0.26546127600064906
0.5240523815155029,-0.2183588705628288
0.9408940672874451,0.14914961778766955
0.6937693357467651,0.10528097089983646
0.7240723967552185,-0.03998645620123033
0.25932592153549194,0.20374066081929604
0.2393239289522171,-0.031463631845060486
0.05230523273348808,0.5334576376088044
0.637663722038269,0.2807166297463871
0.6981698274612427,0.08421008159640726
0.667766809463501,0.21508925125041511
0.39003899693489075,0.0884763957414817
0.9634963274002075,0.14276439329231355
0.5585558414459229,0.006010486850678487
0.9360936284065247,0.14656896085074286
0.7956795692443848,-0.2046469740944811
0.7570757269859314,-0.16270248814150204
0.6777677536010742,0.17688142341210014
0.0671067088842392,0.28950134901968927
0.4188418984413147,-0.16127134154268133
0.06660666316747665,0.298040860252455
0.32663267850875854,0.5194894887348035
0.18871887028217316,-0.6002823883813345
0.847284734249115,-0.09171693506644814
0.9091908931732178,0.10657734123635702
0.7687768936157227,-0.18840648445379787
0.6031603217124939,0.2367374377310145
0.6090608835220337,0.253839564678762
0.6238623857498169,0.27944593673836354
0.7350735068321228,-0.08763929032615236
0.7830783128738403,-0.2045631639878374
0.07600760459899902,0.13633307921644153
0.625462532043457,0.2807051983971396
0.1906190663576126,-0.5848351197708034
0.3818381726741791,0.1634113888843587
0.6269626617431641,0.28161824429484894
0.4300430119037628,-0.24110239192211483
0.5569556951522827,-0.0044756480200650595
0.7941794395446777,-0.2053181875918455
0.4164416491985321,-0.1424859766744073
0.597159743309021,0.21551083943863178
0.3579357862472534,0.3631886024312167
0.28322833776474,0.4182502031064239
0.5449544787406921,-0.08439003092454228
0.34723472595214844,0.4340840311882483
0.6327632665634155,0.2827294130183724
0.013701369985938072,0.963367519789805
0.7043704390525818,0.0540858437367467
0.48924893140792847,-0.36950368106650866
0.21802181005477905,-0.2968707347020637
0.7730773091316223,-0.19506424204735404
0.3177317678928375,0.5313948810664807
0.48544853925704956,-0.3772543749143992
0.4637463688850403,-0.3801171820439328
0.5115511417388916,-0.2868159556017808
0.7648764848709106,-0.1810526006223124
0.4261426329612732,-0.21488331183042902
0.1331133097410202,-0.6386133810011045
0.7002700567245483,0.07404498437825732
0.6941694021224976,0.10338139505806698
0.8017801642417908,-0.2000872309160251
0.6241624355316162,0.27970451506204347
0.9987998604774475,0.08216310678530908
0.6881688237190247,0.13142849830206293
0.4530453085899353,-0.35441497264403
0.467346727848053,-0.38470207159010256
0.6996699571609497,0.07695469457799235
0.12521252036094666,-0.5723159685844339
0.33743375539779663,0.4840690639759887
0.28142815828323364,0.40554858973385705
0.47194719314575195,-0.38758692279666845
0.6544654369354248,0.25449321734710056
0.4858485758304596,-0.37653504351417505
0.7901790142059326,-0.20621769564794404
0.8580858111381531,-0.054247881942496454
0.8427842855453491,-0.10663527565109203
0.10771077126264572,-0.3685824628674737
0.43634364008903503,-0.2794741498329002
0.0770077034831047,0.11910455423576481
0.8865886330604553,0.044242583211760944
0.02490249089896679,0.882457092043029
0.7239723801612854,-0.039530987685283354
0.3419342041015625,0.46307509985136
0.49764975905418396,-0.345396916923363
0.4544454514980316,-0.3587983048272223
0.5565556287765503,-0.007107388564094114
0.7939794063568115,-0.205394020389615
0.07160716503858566,0.21221728914863588
0.9652965068817139,0.14101180048443054
0.20482048392295837,-0.4484871382508459
0.5997599363327026,0.22517148568364653
0.6600660085678101,0.23969546987388637
0.7245724201202393,-0.04225863416492428
0.4178417921066284,-0.15350869377734666
0.4809480905532837,-0.38374277176979
0.9482948184013367,0.15037186304246014
0.7140713930130005,0.006964919099341284
0.7190718650817871,-0.016829593237618238
0.14601460099220276,-0.708463564558601
0.5989599227905273,0.22227328808148525
0.20002000033855438,-0.4983240551538458
0.8175817728042603,-0.17557362105046823
0.04040404036641121,0.7067633912727499
0.038403838872909546,0.7329986339486401
0.9448944926261902,0.15022294802286634
0.9487949013710022,0.1503351164429964
0.16331633925437927,-0.7249834514270965
0.985398530960083,0.1108713673012889
0.4784478545188904,-0.3860498727376589
0.9456945657730103,0.15032079104510995
0.6970697045326233,0.08951051895938193
0.39253926277160645,0.06555395500455609
0.41584157943725586,-0.13770826331679387
0.7449744939804077,-0.1252906861352511
0.8415841460227966,-0.11051749578519433
0.21932193636894226,-0.2810859073693182
0.10151015222072601,-0.2804328406146329
0.5124512314796448,-0.2823257471018169
0.7418742179870605,-0.1141209651772471
0.7409740686416626,-0.11076774435298356
0.8989899158477783,0.08113009897608563
0.2871287167072296,0.4435903960757531
0.0009000900317914784,0.9998381960033943
0.18381838500499725,-0.6365835493979133
0.48044803738594055,-0.3842792223407827
0.025502551347017288,0.8769444099660787
0.7026702761650085,0.062373672668864434
0.5713571310043335,0.08643681986040058
0.3324332535266876,0.5031964883093123
0.7714771628379822,-0.192766224939912
0.15811581909656525,-0.7292396541990691
0.09240923821926117,-0.13951165386603875
0.27792778611183167,0.3790899841233873
0.7891789078712463,-0.20623793741685015
0.613261342048645,0.2636514171822342
0.5320532321929932,-0.16902298010017652
0.7312731146812439,-0.07177886026163645
0.7102710008621216,0.025335718859071904
0.6042604446411133,0.24021482329599383
0.3775377571582794,0.2020540318177467
0.4835483729839325,-0.38035557166835554
0.49644964933395386,-0.34940306444866376
0.053905390202999115,0.5082766964186658
0.7483748197555542,-0.1368316451118879
0.2745274603366852,0.3512387025469648
0.37193718552589417,0.25108118980343047
0.6819682121276855,0.15911139341504377
0.9337933659553528,0.14483142716713485
0.4468446969985962,-0.3313873095394779
0.06670667231082916,0.2963339488893733
0.7575757503509521,-0.16402043213944695
0.8549854755401611,-0.06517312318316529
0.5063506364822388,-0.31120093351958333
0.13531352579593658,-0.6539571095613699
0.7114711403846741,0.01951499505136026
0.9773977398872375,0.12502476402818785
0.8662866353988647,-0.025112380290710827
0.27032703161239624,0.31406274207574475
0.3330332934856415,0.5011437457534941
0.8053805232048035,-0.1960585179760005
0.35843583941459656,0.35951949151040297
0.9441944360733032,0.15010548456254935
0.5645564794540405,0.0446006296126734
0.33763375878334045,0.48321022974691463
0.1256125569343567,-0.5760833416301621
0.6190619468688965,0.27389647257603833
0.534853458404541,-0.15104742521773015
0.4175417721271515,-0.15116170973865733
0.4910491108894348,-0.3651291418187875
0.18521852791309357,-0.6267490404991461
0.6316632032394409,0.2828122146819096
0.9854985475540161,0.11067865480826489
0.21052105724811554,-0.38526747434561126
0.013301330618560314,0.9654447758364268
0.5029503107070923,-0.325603752226467
0.0928092822432518,-0.1459471505462257
0.08230823278427124,0.028309394763946165
0.7576757669448853,-0.16428174164999998
0.15311531722545624,-0.7259089247731063
0.12141214311122894,-0.5344223789846698
0.05040504038333893,0.5628560066970268
0.6530653238296509,0.25775013140597675
0.30723071098327637,0.5239714248079478
0.908690869808197,0.10544859185190396
0.8647865056991577,-0.030444159753353132
0.6619662046432495,0.23406123138496077
0.9273927211761475,0.13829680168599917
0.3709371089935303,0.2596367852939196
0.4849484860897064,-0.37812116945092156
0.4748474955558777,-0.3877057348863752
0.42684268951416016,-0.21972060421599443
0.9878987669944763,0.10594601373236283
0.8905890583992004,0.05675419641934895
0.4186418652534485,-0.1597263546637387
0.5301530361175537,-0.1810361194063654
0.29232922196388245,0.47258810888860425
0.6588658690452576,0.24309773511371033
0.18101809918880463,-0.6549070206241409
0.34863486886024475,0.4257044389012353
0.7419742345809937,-0.11449053968275662
0.31413140892982483,0.5315143637066269
0.9347934722900391,0.14562672978815097
0.13241323828697205,-0.633441552236983
0.4312431216239929,-0.2488012324544931
0.7494749426841736,-0.14039957159523056
0.8702870607376099,-0.010952877034390535
0.8691869378089905,-0.014834987024918523
0.9503950476646423,0.15011727187220036
0.5541554093360901,-0.02297105479252469
0.6172617077827454,0.27113033499160527
0.1540154069662094,-0.7270517346626126
0.9409940838813782,0.14918835925652044
0.26812681555747986,0.2934324910872558
0.9882988333702087,0.10513767003040027
0.6313631534576416,0.2828110781260428
0.11911191046237946,-0.5096831893377098
0.5293529033660889,-0.18604427415768227
0.15421542525291443,-0.7272731839691767
0.7056705951690674,0.04774344105598403
0.2539253830909729,0.14377019423306375
0.0953095331788063,-0.18570950734110833
0.7241724133491516,-0.040441582651850265
0.67316734790802,0.1952410007023308
0.4846484661102295,-0.3786239213024892
0.6801680326461792,0.16683537862650985
0.8010801076889038,-0.20075711357905296
0.43304330110549927,-0.2600112348615041
0.8924892544746399,0.06250569969525904
0.5334533452987671,-0.1600727812472889
0.7330732941627502,-0.0793791048468346
0.9348934888839722,0.1457028891363715
0.47294729948043823,-0.3877754904790802
0.6541653871536255,0.2552064686294785
0.5305530428886414,-0.17852060442536807
0.5161516070365906,-0.2630953708427845
0.7860785722732544,-0.20577459051525301
0.21562156081199646,-0.32569124737143584
0.1062106192111969,-0.3479242968780518
0.11671166867017746,-0.48247031140375873
0.3636363744735718,0.3197461866088216
0.76517653465271,-0.18166215531105073
0.5588558912277222,0.007968815037304412
0.7192718982696533,-0.01776958923981577
0.4491449296474457,-0.3406116691090777
0.7266726493835449,-0.051703685318089714
0.498049795627594,-0.34402153522796386
0.8335833549499512,-0.13512920273930662
0.9952995181083679,0.09016736711202437
0.4946494698524475,-0.3550692152473448
0.278227835893631,0.38144721659442
0.07170717418193817,0.21049384245423125
0.2502250373363495,0.10090553552051813
0.4360436201095581,-0.27776435854709564
0.41714170575141907,-0.14801955682708884
0.8082808256149292,-0.19211973633654678
0.976097583770752,0.12707255294197972
0.039503950625658035,0.7186857304172641
0.7186718583106995,-0.014946550436710847
0.9822982549667358,0.11665917981536587
0.4492449164390564,-0.34099462198810643
0.13651365041732788,-0.6617395538714427
0.9526952505111694,0.1495384658485077
0.8787878751754761,0.018513130217659875
0.591759204864502,0.19327646719084524
0.4968496859073639,-0.3480877997041727
0.2914291322231293,0.4679689550187106
0.5644564628601074,0.043968741954883865
0.37663766741752625,0.21004614473312266
0.3440344035625458,0.45211977800636877
0.7357735633850098,-0.09048239678256416
0.6806680560112,0.16470551989923932
0.21432143449783325,-0.34110816313607556
0.510451078414917,-0.2921993843746104
0.507350742816925,-0.30672605880049086
0.15711571276187897,-0.7291605538300311
0.4079408049583435,-0.07211922472633807
0.11221121996641159,-0.4277701250534214
0.278627872467041,0.3845644363449325
0.2967296838760376,0.49271685314836694
0.2504250407218933,0.1032550881381812
0.5988599061965942,0.221906341941645
0.8867886662483215,0.04488034567371211
0.7164716720581055,-0.004521884479151998
0.07280728220939636,0.19152738826230603
0.7587758898735046,-0.1671057267301149
0.7543754577636719,-0.15526104345839722
0.041204120963811874,0.6960096924939871
0.5745574235916138,0.1052319266385197
0.7668766975402832,-0.184978661110631
0.08250825107097626,0.0249081526871875
0.32673266530036926,0.5192642334489755
0.39743974804878235,0.020866838174188933
0.8808881044387817,0.02559041305566821
0.8306830525398254,-0.14341800260544646
0.041704170405864716,0.68921553745086
0.6748675107955933,0.18860106336717203
0.8967896699905396,0.07501852166726017
0.20822082459926605,-0.4112527546578886
0.8945894837379456,0.06870707160257428
0.3373337388038635,0.48449583447559147
0.5726572275161743,0.09414846411405675
0.41074109077453613,-0.09589593270538965
0.4380438029766083,-0.2889329520758042
0.7723772525787354,-0.19408510794589187
0.10661066323518753,-0.35347667000130506
0.39133912324905396,0.07655209801472598
0.5536553859710693,-0.02628974107974066
0.8002800345420837,-0.2014767317728081
0.538753867149353,-0.12557197960481775
0.573257327079773,0.09767306587932062
0.27382737398147583,0.34525086018156065
0.5052505135536194,-0.3159998687448943
0.40004000067710876,-0.002599140465357646
0.24272426962852478,0.0105864216744363
0.6833683252334595,0.15299954884183462
0.16871687769889832,-0.7124534098674168
0.08510851114988327,-0.019077704133882704
0.6303630471229553,0.28273363909100774
0.9087908864021301,0.10567536974676335
0.5878587961196899,0.1754876516577365
0.8527852892875671,-0.07285887547432687
0.28392839431762695,0.42301989255038597
0.46114611625671387,-0.3755305983329114
0.9540954232215881,0.1490342728524625
0.9207921028137207,0.12898078322183007
0.24892489612102509,0.08554980216215813
0.6905690431594849,0.12033362847134933
0.7390738725662231,-0.10353207493694531
0.28492850065231323,0.42966681566898307
0.6665666103363037,0.21922404830861195
0.5881588459014893,0.176905295658488
0.44524452090263367,-0.3245038715910413
0.7421742081642151,-0.1152278704457506
0.6484647989273071,0.2671352262096996
0.2479247897863388,0.07364325934367871
0.6617661714553833,0.23466833772062246
0.21412141621112823,-0.3434668909471458
0.5188518762588501,-0.24833136128818808
0.9704970717430115,0.1350098389645551
0.2744274437427521,0.35038850884287126
0.7253725528717041,-0.04587580828815166
0.3506350815296173,0.41323953265037844
0.16791678965091705,-0.7148197875156106
0.4249424934387207,-0.20646157713751243
0.3147314786911011,0.5316860589328649
0.8130813241004944,-0.1842991535783255
0.7004700303077698,0.07307424325480139
0.05800580233335495,0.44218333742525046
0.40704071521759033,-0.064368187181417
0.3343334496021271,0.4964663740430561
0.7404740452766418,-0.10888402418702464
0.3672367334365845,0.29065709912471493
0.05590559169650078,0.4763002239211347
0.5237523317337036,-0.22013830038504692
0.780578076839447,-0.20297681990761515
0.051205120980739594,0.5505471490309349
0.10811081528663635,-0.3740152287546033
0.16641664505004883,-0.7187822972836169
0.9204920530319214,0.12849648031774466
0.19311931729316711,-0.5634109318145576
0.9666966795921326,0.1395312996700022
0.11501150578260422,-0.4623569850067996
0.28382837772369385,0.4223443786013611
0.5949594974517822,0.2067993160523857
0.8308830857276917,-0.14285846799858276
0.89328932762146,0.06488787474827185
0.9788978695869446,0.12257050071833414
0.5177518129348755,-0.2544169274824044
0.0830083042383194,0.016415319063777543
0.831183135509491,-0.1420157242802135
0.4752475321292877,-0.38761989755901055
0.9850984811782837,0.11144730227257697
0.0635063499212265,0.3506675061128725
0.4465446472167969,-0.33012563990684146
0.679967999458313,0.1676838532829979
0.7987798452377319,-0.2026927339782876
0.7079707980155945,0.036526680650910436
0.6966696977615356,0.09143312058671371
0.4142414331436157,-0.12481618770991477
0.7027702331542969,0.06188649593785664
0.9183918237686157,0.12496112680409012
0.08760876208543777,-0.060895605875062014
0.486948698759079,-0.37443890897783594
0.5315531492233276,-0.17219984476669062
0.5222522020339966,-0.2289471376943505
0.0004000400076620281,0.9999680161304971
0.3051305115222931,0.519630130851991
0.5691568851470947,0.0731638098938504
0.3124312460422516,0.5306090265840294
0.2491249144077301,0.0879214502834152
0.38543856143951416,0.13063283632181003
0.47774776816368103,-0.38652683185190967
0.7509751319885254,-0.14513015617941016
0.6457645893096924,0.2716698572445317
0.629362940788269,0.28254257336315686
0.1148114800453186,-0.45994606416283706
0.0574057400226593,0.45198397759601877
0.3769376873970032,0.2073863450038117
0.41464146971702576,-0.12805945294229365
0.08530852943658829,-0.02244169662024171
0.5919591784477234,0.19415054912327162
0.9358935952186584,0.14643075061390853
0.661466121673584,0.23557286154308357
0.6002600193023682,0.22694896500669082
0.9163916110992432,0.12136056241381488
0.4495449662208557,-0.3421343758091015
0.817381739616394,-0.17598875233181716
0.6655665636062622,0.22258834506567293
0.2368236780166626,-0.06266743621579261
0.47804781794548035,-0.38633152926916364
0.7992799282073975,-0.20230681271411877
0.29502949118614197,0.48542567720150204
0.562556266784668,0.031884121447159956
0.6971697211265564,0.08902944945827429
0.8716871738433838,-0.006029249316052702
0.18411841988563538,-0.634513292729877
0.598659873008728,0.2211693468845986
0.0537053719162941,0.5114444786004765
0.2806280553340912,0.39970392512811315
0.580157995223999,0.13647855218713248
0.5596559643745422,0.013177957432505806
0.720672070980072,-0.024319763530471286
0.7343734502792358,-0.08477101088743116
0.7560756206512451,-0.16000992123846086
0.8096809387207031,-0.1900032817505028
0.07840783894062042,0.09502180901322481
0.14091409742832184,-0.6866870813982537
0.015401540324091911,0.9538917387874517
0.7806780338287354,-0.20305036519662736
0.30093008279800415,0.5080779307397859
0.1686168611049652,-0.7127587761347346
0.4014401435852051,-0.015135057709149621
0.7455745935440063,-0.12738245589261518
0.38633865118026733,0.12239963931378813
0.2733273208141327,0.3409220077949228
0.18951895833015442,-0.5938683591742355
0.5442544221878052,-0.0890651428785028
0.05690569058060646,0.4601194537615556
0.6709671020507812,0.20356369621115902
0.585458517074585,0.16386119936304283
0.18161816895008087,-0.6511344330163664
0.831983208656311,-0.1397484652551744
0.3394339382648468,0.4751662129295846
0.33273327350616455,0.5021785404048423
0.9982998371124268,0.08332525210385246
0.6102610230445862,0.25684595268391003
0.29752975702285767,0.49593472913580483
0.09800980240106583,-0.22768703618052993
0.019001901149749756,0.9304335540922346
0.9331933259963989,0.1443248474150646
0.5088508725166321,-0.29981836407338225
0.06990699470043182,0.2414857918425703
0.9759976267814636,0.12722697258475718
0.06060606241226196,0.3992698935078343
0.030103011056780815,0.8310104148980606
0.3420342206954956,0.46256972415049524
0.9804980754852295,0.11984765480171852
0.10601060092449188,-0.3451364002124058
0.3444344401359558,0.4499526155047066
0.10691069066524506,-0.35762030701022063
0.22052206099033356,-0.2664195005747348
0.9435943365097046,0.14998109266870274
0.7339733839035034,-0.0831208811392818
0.8208820819854736,-0.16837301656274448
0.7679767608642578,-0.1869992377168677
0.4642464220523834,-0.3808765680958583
0.7683768272399902,-0.18770943066132936
0.9007900953292847,0.08597479306514433
0.7996799945831299,-0.2019840756608369
0.5600559711456299,0.015775103715769716
0.9151915311813354,0.11909250641416393
0.7022702097892761,0.06432181353486209
0.4893489480018616,-0.36927234937483494
0.022502250969409943,0.9033575814520082
0.3354335427284241,0.49226590945608906
0.5895589590072632,0.18341367196307617
0.8754875659942627,0.007209395530816908
0.34363436698913574,0.45426145204017215
0.16931693255901337,-0.7105640243004614
0.6893689632415771,0.12590400813398192
0.10451044887304306,-0.32398264166353735
0.344634473323822,0.4488595320687345
0.8050805330276489,-0.1964310789773727
0.9146914482116699,0.11812391417875812
0.9981998205184937,0.08355696355917314
0.4735473692417145,-0.3878139303932992
0.4496449828147888,-0.3425112557694702
0.12181217968463898,-0.5385879120925441
0.601560115814209,0.23144738058540942
0.9719972014427185,0.13302870785931234
0.39873987436294556,0.00910642088496579
0.4911491274833679,-0.3648731241661024
0.949294924736023,0.1502834248808319
0.4493449330329895,-0.34137605800925874
0.6944694519042969,0.10195436064332024
0.5699570178985596,0.0780216327341461
0.8352835178375244,-0.1301025329458051
0.09560956060886383,-0.190425133689592
0.2869286835193634,0.4423647204319754
0.4433443248271942,-0.3158398508625089
0.49734973907470703,-0.34641538679182127
0.29612961411476135,0.4902137479606411
0.22002200782299042,-0.2725410812946139
0.009800979867577553,0.9811009536461754
0.9849985241889954,0.11163854337690035
0.25572556257247925,0.16412605788946175
0.8445844650268555,-0.10073268516777756
0.4199419915676117,-0.16970000244285385
0.9637963771820068,0.14248421662411434
0.5539554357528687,-0.024298027085485573
0.1648164838552475,-0.7223199669530428
0.6197619438171387,0.2748713575077307
0.6295629739761353,0.2825898954625939
0.44994500279426575,-0.34363276911766394
0.11541154235601425,-0.4671508275724207
0.22552254796028137,-0.20451844688546503
0.31703171133995056,0.5316335356959105
0.7400740385055542,-0.10736647765208643
0.7158715724945068,-0.0016604592479178533
0.31083109974861145,0.5291891701188592
0.45484548807144165,-0.35999473981333746
0.5423542261123657,-0.1017300158379822
0.20492050051689148,-0.44741359185284857
0.9208921194076538,0.12914105777339982
0.8815881609916687,0.027926931467056507
0.9797979593276978,0.12105202045031468
0.026202620938420296,0.8703703141406168
0.40614062547683716,-0.05656830321873572
0.5534553527832031,-0.027618357230709736
0.6616661548614502,0.23497066528889676
0.8120812177658081,-0.18605839100064545
0.8155815601348877,-0.17961209775357387
0.18021802604198456,-0.6598042372873631
0.4736473560333252,-0.3878149016710153
0.23852385580539703,-0.04142719782552408
0.6694669723510742,0.20905465069460547
0.5759575963020325,0.11324892178187812
0.19591958820819855,-0.5380086054438904
0.29762977361679077,0.49632733590715483
0.8680868148803711,-0.018727020294690526
0.1843184381723404,-0.6331218121940227
0.1734173446893692,-0.6950670900685285
0.29112911224365234,0.4663917359227792
0.8338834047317505,-0.13425085214150972
0.19861985743045807,-0.5121917827551313
0.956195592880249,0.14806515463554148
0.654665470123291,0.2540131026940026
0.7098709940910339,0.02727909591515213
0.2811281085014343,0.40337111685073346
0.0659065917134285,0.3099745800003139
0.25112512707710266,0.11145049357233738
0.42824283242225647,-0.2292248217717088
0.933993399143219,0.14499538913096513
0.8800880312919617,0.02290595886239342
0.6287628412246704,0.2823732336821157
0.193019300699234,-0.5642911552062276
0.7125712633132935,0.01419388677575931
0.019701970741152763,0.9253491336027903
0.7777777910232544,-0.20057584207835236
0.2931293249130249,0.4765518051484646
0.80048006772995,-0.2013014409350258
0.23272328078746796,-0.11414416481390151
0.43894389271736145,-0.29378035706029515
0.8958895802497864,0.07246013725997641
0.42184218764305115,-0.18397641715996876
0.020202020183205605,0.921615137132368
0.35103511810302734,0.4106786580401977
0.4931493103504181,-0.3594699590548073
0.5535553693771362,-0.026953970201343103
0.5791579484939575,0.1310642106040906
0.17071707546710968,-0.7057765370976532
0.51725172996521,-0.25715137134514726
0.5249525308609009,-0.21298653265900805
0.6528652906417847,0.2582004385237468
0.9848985075950623,0.11182941434918567
0.5855585336685181,0.16435560334286833
0.8164816498756409,-0.17782597106498862
0.0854085385799408,-0.02412255268025863
0.4737473726272583,-0.38781432160939117
0.06980697810649872,0.24320530086977776
0.3696369528770447,0.2706542050708896
0.1636163592338562,-0.7245016331067011
0.7280727624893188,-0.05790697058925406
0.7554755210876465,-0.15835836753102542
0.35813581943511963,0.3617244154604759
0.12911291420459747,-0.6072013625234578
0.658565878868103,0.24392902716131018
0.18531852960586548,-0.6260298060977615
0.5232523083686829,-0.2230911081636901
0.3763376474380493,0.2127015719569837
0.33043304085731506,0.5095481360010647
0.14951495826244354,-0.7189365708920759
0.7994799613952637,-0.20214699681578996
0.19981998205184937,-0.5003245659901123
0.06630662828683853,0.3031585092140145
0.3748374879360199,0.22590959037449865
0.44134414196014404,-0.3061540663320381
0.5530552864074707,-0.03027743250285484
0.5575557947158813,-0.0005354400574576587
0.890188992023468,0.055527031345786404
0.7526752948760986,-0.15029968692414958
0.9474947452545166,0.15039948875405174
0.586458683013916,0.16876656856432304
0.6776677370071411,0.17729340543054184
0.1306130588054657,-0.619506668770746
0.7392739057540894,-0.10430354662643224
0.5592559576034546,0.010575808319942741
0.9721972346305847,0.13275638014771804
0.16631662845611572,-0.7190243217348107
0.5450544953346252,-0.08372185495736319
0.9954995512962341,0.08971851266217473
0.3627362847328186,0.326830086355997
0.26932692527770996,0.30478084281747714
0.9789978861808777,0.12240346370065405
0.5915591716766357,0.19239859205102142
0.31573158502578735,0.5318014531525274
0.666866660118103,0.21820023795175192
0.10591059178113937,-0.3437395411221943
0.46364638209342957,-0.3799605564924029
0.32423242926597595,0.5242953476395056
0.16781678795814514,-0.7151032543703899
0.689268946647644,0.1263661821481067
0.6374637484550476,0.28085080458290257
0.757475733757019,-0.163758361870375
0.1757175773382187,-0.6844431321210787
0.6019601821899414,0.23279551580520694
0.5116511583328247,-0.28632080959926665
0.8755875825881958,0.007554842421171484
0.7408740520477295,-0.11039218160655609
0.27902790904045105,0.38765208017630354
0.08630862832069397,-0.03921489840997368
0.785878598690033,-0.20571724638573724
0.14841485023498535,-0.7160378848855924
0.7035703659057617,0.057987351534631484
0.7721772193908691,-0.19379785074167527
0.5977597832679749,0.21780188509736575
0.513451337814331,-0.27724853870345995
0.020602060481905937,0.9185669957165848
0.44884487986564636,-0.33945371860944434
0.6938693523406982,0.10480641898750043
0.9062906503677368,0.0998537889535867
0.6910691261291504,0.11799990608356482
0.05020502209663391,0.5659169712005826
0.7385738492012024,-0.10159346745395173
0.10281027853488922,-0.29950186358433806
0.38403841853141785,0.14341377528622276
0.8110811114311218,-0.18775010946538184
0.505650520324707,-0.3142699358986047
0.9762976169586182,0.1267623751539972
0.8154815435409546,-0.1798073691229676
0.27312731742858887,0.3391784653543672
0.8996899724006653,0.08303113795079582
0.2454245388507843,0.04354883267081421
0.7215721607208252,-0.02850153575588509
0.31043103337287903,0.528747915920747
0.8392839431762695,-0.11783019909680754
0.627862811088562,0.2820421080777831
0.3099310100078583,0.5281477263796587
0.6184618473052979,0.27301589264144294
0.35613560676574707,0.37615417872696416
0.5892589092254639,0.1820340127807277
0.0391039103269577,0.7239237417130164
0.6736673712730408,0.1933064867578648
0.5618561506271362,0.02739612708580845
0.5258525609970093,-0.20756461863675704
0.9687968492507935,0.1371220852083489
0.26952695846557617,0.3066500703504256
0.2027202695608139,-0.4707089225442619
0.5463546514511108,-0.07503039725094215
0.25682568550109863,0.1763910341100399
0.8006800413131714,-0.2011230707391281
0.006400640122592449,0.9918884977857074
0.2062206268310547,-0.4333354980600125
0.5276527404785156,-0.19657979730546038
0.7208720445632935,-0.025251076653519302
0.8684868812561035,-0.017310703433050457
0.8571857213973999,-0.057429107404399674
0.633163332939148,0.282665506121439
0.4859485924243927,-0.3763516247655931
0.4887488782405853,-0.37063952370503994
0.9268926978111267,0.13768178023410602
0.08780878037214279,-0.06421782023090376
0.8529852628707886,-0.07216298474129214
0.7916791439056396,-0.206033249246868
0.6863686442375183,0.1396217337292078
0.7892789244651794,-0.20623962386280434
0.643964409828186,0.2742791437345591
0.7869787216186523,-0.20599137106595122
0.10161016136407852,-0.2819101119910795
0.9467946887016296,0.15039210424908342
0.7629762887954712,-0.17702421061438278
0.09950995445251465,-0.25053469763943675
0.4297429919242859,-0.2391500009459007
0.01610160991549492,0.9496881559504593
0.5675567388534546,0.06334631998871733
0.6873687505722046,0.13508431295869228
0.969296932220459,0.1365156992546935
0.7989798784255981,-0.2025407031857694
0.3843384385108948,0.1406781030010113
0.10211021453142166,-0.2892705916163697
0.3073307275772095,0.5241542826236097
0.7555755376815796,-0.15863549227396945
0.3943394422531128,0.04908681275874561
0.15851585566997528,-0.7291896294328544
0.3152315318584442,0.5317704020643277
0.82268226146698,-0.16417557586609757
0.07750774919986725,0.11049782865943203
0.9670966863632202,0.1390897055147722
0.7099709510803223,0.026793118941388576
0.5486548542976379,-0.059643412577942895
0.6235623359680176,0.27917698185869166
0.9555955529212952,0.14836793038484716
0.7041704058647156,0.0550613872617991
0.2612261176109314,0.22400865170956694
0.751375138759613,-0.14636500709435432
0.843384325504303,-0.1046780064520906
0.8792879581451416,0.020207027439530845
0.5393539667129517,-0.12161637943647391
0.8838883638381958,0.03551732585220985
0.38903892040252686,0.09765085503926713
0.35563555359840393,0.37968636388166466
0.15281528234481812,-0.725474736062459
0.12671267986297607,-0.5862220981608515
0.77347731590271,-0.19560538129822275
0.18991899490356445,-0.5906119798699223
0.46584659814834595,-0.38304075704479973
0.3005300462245941,0.5067785748563972
0.2734273374080658,0.3417912128433988
0.018901890143752098,0.931146189916488
0.9167916774749756,0.12209871546441595
0.274727463722229,0.352933853203666
0.20472046732902527,-0.4495593198450026
0.7849785089492798,-0.2054178574732375
0.25582557916641235,0.16524666108690117
0.9274927377700806,0.13841800160558196
0.8666867017745972,-0.02369195823476367
0.6396639347076416,0.2791348162934026
0.33853384852409363,0.4792586195344646
0.4555455446243286,-0.3620284826503147
0.1184118390083313,-0.5018915400339838
0.6420642137527466,0.27666674847442496
0.5051504969596863,-0.31642962766411975
0.5311530828475952,-0.17473352132671616
0.24332433938980103,0.01794826829108079
0.6949695348739624,0.0995716482067874
0.0769076943397522,0.12082656357560709
0.1685168594121933,-0.7130614129650659
0.8322832584381104,-0.138890865859526
0.5578557848930359,0.0014311848548301796
0.44264426827430725,-0.31251531474712124
0.04660465940833092,0.6198320295438534
0.6265626549720764,0.28140004001870417
0.5734573602676392,0.0988429561401162
0.5191519260406494,-0.24665534295659278
0.5390539169311523,-0.12359521754828996
0.08600860089063644,-0.03419132254669799
0.7270727157592773,-0.053483950102549596
